Código,Nombre del país,Countries,Official language(s),National language(s),Regional language(s),Minority language(s),Widely spoken,Regions
AD,Andorra,Andorra,Catalan[6],,,Spanish French Portuguese,,'Iberian Peninsula'
AL,Albania,Albania,Albanian,,,Greek Macedonian Aromanian,Italian,'Balkans region' & 'Dinaric Alps' & 'Mediterranean countries'
AT,Austria,Austria,German,German (state language),Burgenland Croatian (parts of Burgenland) Hungarian (parts of Burgenland) Slovene (parts of Carinthia),Slovene Czech Hungarian Slovak Romani Serbian,English,'Alpine countries'
BA,Bosnia y Herzegovina,Bosnia and Herzegovina,"None (Bosnian, Croatian and Serbian all have de facto status)[18]",,,,,'Dinaric Alps' & 'Mediterranean countries'
BE,Bélgica,Belgium,Dutch French German,,"Dutch (Flanders, Brussels)[16] French (Brussels, Wallonia)[16] German (German-speaking community)[16]",,English,'Atlantic Europe' & 'Low Countries'
BG,Bulgaria,Bulgaria,Bulgarian,,,,,'Balkans region' & 'Black Sea region'
BY,Belarús,Belarus,Belarusian Russian,Belarusian,,,Russian,
CY,Chipre,Cyprus,Greek[27] Turkish[27],Armenian[28] Cypriot Arabic[28],,,English,'Mediterranean countries'
DE,Alemania,Germany,German[32],,Danish (in Schleswig-Holstein) Lower Sorbian (in Brandenburg) North Frisian (in Schleswig-Holstein) Saterland Frisian (in Lower Saxony) Upper Sorbian (in Saxony) German Sign Language Low German,Danish Lower Sorbian North Frisian Romani[33] Upper Sorbian,English,'Jutland Peninsula' & 'Atlantic Europe' & 'Alpine countries' & 'Baltic Rim region' & 'Low Countries'
DK,Dinamarca,Denmark,Danish,,Faroese (in the Faroe Islands) Kalaallisut (in Greenland),German (in Southern Jutland),English,'Jutland Peninsula' & 'Baltic Rim region' & 'Nordic countries'
EE,Estonia,Estonia,Estonian,,,,English Russian,'Baltic Rim region'
ES,España,Spain,Spanish,,"Catalan (Balearic Islands, Catalonia, Valencian Community) Galician (Galicia) Occitan (Catalonia) Basque (Basque Country, Navarra)","Astur-Leonese (Asturias, León, Zamora, Salamanca, Cáceres) Aragonese (Aragon) Fala (Province of Cáceres) Portuguese Galician (Asturias, León, Zamora) Catalan (Aragon, Carche)",,'Iberian Peninsula' & 'Atlantic Europe' & 'Macaronesia' & 'Mediterranean countries'
FI,Finlandia,Finland,Finnish Swedish,Finnish Swedish,,"Sami (in Enontekiö, Inari, Sodankylä, Utsjoki)",English,'Fennoscandian Peninsula' & 'Scandinavian Peninsula' & 'Baltic Rim region' & 'Nordic countries'
FR,Francia,France,French[31],,,Corsican language Basque language Breton language,Occitan language,'Iberian Peninsula' & 'Atlantic Europe' & 'Alpine countries' & 'Low Countries' & 'Mediterranean countries'
GR,Grecia,Greece,Greek,,,,,'Balkans region' & 'Mediterranean countries'
HR,Croacia,Croatia,Croatian,Italian (Istria County) Romani (non-territorial) Slovene (non-territorial),Serbian Hungarian Czech Slovak Pannonian Rusyn,,English,'Balkans region' & 'Dinaric Alps' & 'Mediterranean countries'
HU,Hungría,Hungary,Hungarian[34],,,Croatian[35] German[35] Romanian[35] Serbian[35] Slovak[35] Slovene[35],,'Balkans region' & 'Carpathian states'
IE,Irlanda,Ireland,Irish English,Irish,,,,'Atlantic Europe' & 'British Isles'
IS,Islandia,Iceland,Icelandic Icelandic Sign Language[36],,,,,'Atlantic Europe' & 'Nordic countries'
IT,Italia,Italy,Italian,,French (in Aosta Valley) Franco-Provençal (in Aosta Valley) German (in South Tyrol) Ladin (in South Tyrol) Friulian (in Friuli-Venezia Giulia) Sardinian (in Sardinia) Corsican (in northern Sardinia),Catalan (in Sardinia) Slovene (in Friuli-Venezia Giulia) Occitan (in Piedmont's Occitan valleys) Albanian (in Sicily and Calabria) Greek (in Calabria and Puglia),Other Italo-Dalmatian languages,'Apennine Peninsula (Italian Peninsula)' & 'Alpine countries' & 'Mediterranean countries'
LI,Liechtenstein,Liechtenstein,German,,,,,'Alpine countries'
LT,Lituania,Lithuania,Lithuanian,,,,Polish Russian,'Baltic Rim region'
LU,Luxemburgo,Luxembourg,French German Luxembourgish,Luxembourgish,,,English Portuguese,'Low Countries'
LV,Letonia,Latvia,Latvian[40][41],,,,Russian,'Baltic Rim region'
MC,Mónaco,Monaco,French,,,,Monégasque,'Mediterranean countries'
ME,Montenegro,Montenegro,Montenegrin,,,,,'Balkans region' & 'Dinaric Alps' & 'Mediterranean countries'
MK,Macedonia del Norte,North Macedonia,Macedonian Albanian[47],,,,,'Balkans region'
MT,Malta,Malta,Maltese English,Maltese,,,,'Mediterranean countries'
NL,Países Bajos (los),Netherlands,Dutch,,"Frisian (in the province of Friesland) English (in Sint Maarten, Sint Eustatius, Saba) Papiamento (in Aruba, Curaçao, Bonaire)",Dutch Low Saxon Dutch Sign Language Limburgish Sinte Romani Yiddish,English,'Atlantic Europe' & 'Low Countries'
NO,Noruega,Norway,Norwegian Sami[48],Bokmål (written) Nynorsk (written),Northern Sami Lule Sami Southern Sámi Kven,Kven Scandoromani,English,'Fennoscandian Peninsula' & 'Scandinavian Peninsula' & 'Nordic countries'
PL,Polonia,Poland,Polish,,Kashubian (Pomeranian Voivodeship) German (Opole Voivodeship) Lithuanian (Puńsk commune) Belarusian (Podlaskie Voivodseship),Lemko Karaim Tatar Ukrainian,English,'Baltic Rim region' & 'Carpathian states'
PT,Portugal,Portugal,Portuguese,,Mirandese (Terra de Miranda),,English,'Iberian Peninsula' & 'Atlantic Europe' & 'Macaronesia'
RO,Rumania,Romania,Romanian,,,Armenian German Hungarian Romani Russian Serbian Slovak Tatar Turkish Ukrainian,,'Balkans region' & 'Carpathian states' & 'Black Sea region'
RS,Serbia,Serbia,Serbian,,,(15 languages),,'Balkans region' & 'Carpathian states'
SE,Suecia,Sweden,Swedish,,,"Finnish (Gällivare, Haparanda, Kiruna, Pajala, Övertorneå) Meänkieli (Gällivare, Haparanda, Kiruna, Pajala, Övertorneå) Sami (Arjeplog, Gällivare, Jokkmokk, Kiruna) Yiddish Romani",English,'Fennoscandian Peninsula' & 'Scandinavian Peninsula' & 'Baltic Rim region' & 'Nordic countries'
SI,Eslovenia,Slovenia,Slovene,,,"Hungarian (Dobrovnik, Hodoš, Lendava) Italian (Izola, Koper, Piran) Croatian (Metlika, Brežice)",,'Alpine countries' & 'Balkans region' & 'Dinaric Alps' & 'Mediterranean countries'
SK,Eslovaquia,Slovakia,Slovak,,,Bulgarian Czech German Hungarian Polish Romani Rusyn Serbian Ukrainian,,'Carpathian states'
SM,San Marino,San Marino,Italian,,,,,'Apennine Peninsula (Italian Peninsula)'
UA,Ucrania,Ukraine,Ukrainian,,Russian (Autonomous Republic of Crimea) Crimean Tatar (Autonomous Republic of Crimea),,,'Carpathian states' & 'Black Sea region'
