Country/Region,Official language(s),National language(s),Regional language(s),Minority language(s),Widely spoken
Abkhazia[a],Abkhaz Russian,Abkhaz,,Georgian,
Afghanistan[1][2][3],Persian (Dari) Pashto,Persian (Dari) Pashto,Uzbek[b] Turkmen[b] Pashayi[b] Nuristani[b] Balochi[b] Pamiri[b],,Persian (Dari)
Albania[4],Albanian,,,Greek Macedonian Aromanian,Italian
Algeria[5],Arabic Berber,Arabic Berber,,,French
Andorra,Catalan[6],,,Spanish French Portuguese,
Angola[7],Portuguese,Kimbundu Umbundu Kikongo Chokwe Kwanyama Ganguela[citation needed],,,Angolan Portuguese
Antigua and Barbuda,(English has de facto status) Spanish,,,,Antiguan and Barbudan Creole
Argentina,None at federal level (Spanish has de facto status) Argentine Sign Language[8],,Spanish (in Corrientes and Chaco)[9][10] Guaraní (in Corrientes)[9] Kom (in Chaco)[10] Moquoit (in Chaco)[10] Wichi (in Chaco)[10],,Argentine Spanish English Italian German French Welsh (in Chubut state)[11]
Armenia,Armenian,Armenian (state language)[12],,,Russian
Australia,None (English has de facto status),,Cocos Malay (on Cocos (Keeling) Islands) English (official status on Norfolk Island) Malay (on Christmas Island) Mandarin Chinese (on Christmas Island) Norfuk (on Norfolk Island),,
Austria[13][14],German,German (state language),Burgenland Croatian (parts of Burgenland) Hungarian (parts of Burgenland) Slovene (parts of Carinthia),Slovene Czech Hungarian Slovak Romani Serbian,English
Azerbaijan,Azerbaijani,Azerbaijani (state language)[15],,,Russian
Bahamas,English,,,,
Bahrain,Arabic,,,English,
Bangladesh,Bengali,Bengali,Sylheti (parts of Sylhet Division) Chittagonian (parts of Chittagong Division) Rangpuri/Kamtapuri (parts of Rangpur Division),Chakma Marma Rakhine Hajong Santali Tripuri Manipuri,
Barbados,English,,,,
Belarus,Belarusian Russian,Belarusian,,,Russian
Belgium,Dutch French German,,"Dutch (Flanders, Brussels)[16] French (Brussels, Wallonia)[16] German (German-speaking community)[16]",,English
Belize,English,,,Garifuna,Kriol (lingua franca) Spanish (border with Mexico and Guatemala)
Benin,French,,,,
Bhutan,Dzongkha,,,,
Bolivia[17],Castilian (Spanish) Aymara Araona Baure Bésiro (Chiquitano) Canichana Cavineña Cayubaba Chácobo Chimán Ese Ejja Guaraní Guarasu'we Guarayu Itonama Leco Machajuyai-Kallawaya Machineri Maropa Mojeño-Ignaciano Mojeño-Trinitario Moré Mosetén Movima Pacawara Puquina Quechua Sirionó Tacana Tapieté Toromona Uru-Chipaya Weenhayek Yaminawa Yuki Yuracaré Zamuco,,,,
Bosnia and Herzegovina,"None (Bosnian, Croatian and Serbian all have de facto status)[18]",,,,
Botswana,English,Tswana,,,Other Bantu languages Several Khoisan languages
Brazil,Portuguese[19],Portuguese,"95 municipalities and 3 Brazilian states have co-official languages, with 61 co-officialized languages.[20] The list can be seen at Languages of Brazil.",,Spanish English French
Brunei,Malay,,,,English Chinese
Bulgaria,Bulgarian,,,,
Burkina Faso,Mooré Bissa Dyula Fula,Working languages: French English [citation needed],,,
Burundi[21][22],French Kirundi English,Kirundi,,,Swahili
Cambodia,Khmer,,,,French English Chinese
Cameroon,English French,,Grassfields languages Beti Fulfulde Sawabantu Hausa Baka Bassa Chadian Arabic Bafia Gbaya Cameroonian Pidgin English Camfranglais Mandara,,
Canada,English (Federal) French (Federal),,Chipewyan (Northwest Territories) Cree (Northwest Territories) Gwich'in (Northwest Territories) Inuinnaqtun (Northwest Territories and Nunavut) Inuktitut (Northwest Territories and Nunavut) Inuvialuktun (Northwest Territories) Mi'kmaq (Nova Scotia) North Slavey (Northwest Territories) South Slavey (Northwest Territories) Tłı̨chǫ (Northwest Territories),Chipewyan Cree Gwich'in Inuinnaqtun Inuktitut Inuvialuktun Mi'kmaq North Slavey South Slavey Tłı̨chǫ,
Cape Verde,Portuguese,Cape Verdean Creole,,,
Central African Republic,French Sango,,,,
Chad,Arabic French,,,,
Chile,Spanish,,Languages of ethnic groups are official in their territories[23],,
China,Standard Chinese,,English (Hong Kong) Portuguese (Macau),Mongolian Uyghur Tibetan Zhuang Kazakh Korean,Other Sinitic languages
Colombia,Spanish,,Languages of ethnic groups are official in their territories[24],,
Comoros,Arabic Comorian French,,,,
Democratic Republic of the Congo,French,Kituba Lingala Swahili Tshiluba,,,
Republic of the Congo,French,,,Lingala Munukutuba,
Cook Islands,English Cook Islands Māori,,,,
Costa Rica,Spanish,,,Indigenous languages[25] Limonese Creole[26],
Croatia,Croatian,Italian (Istria County) Romani (non-territorial) Slovene (non-territorial),Serbian Hungarian Czech Slovak Pannonian Rusyn,,English
Cuba,Spanish,,,,
Cyprus,Greek[27] Turkish[27],Armenian[28] Cypriot Arabic[28],,,English
Czech Republic,Czech[c],Czech,,Belarusian[d] Bulgarian[d] Croatian[d] German[d] Greek[d] Hungarian[d] Polish[d] Romani[d] Russian[d] Rusyn[d] Serbian[d] Ukrainian[d] Vietnamese[d],
Denmark,Danish,,Faroese (in the Faroe Islands) Kalaallisut (in Greenland),German (in Southern Jutland),English
Djibouti,Arabic French,,,,
Dominica,English,,,,
Dominican Republic,Spanish,,,,
East Timor,Portuguese[29] Tetum[29],,,Indonesian,
Ecuador[30],Spanish,,Languages of ethnic groups are official in their territories,Spanish[e] Kichwa[e] Shuar[e],
Egypt,Arabic,Egyptian Arabic,,Coptic,English
El Salvador,Spanish,,,,
Equatorial Guinea,French Portuguese Spanish,,,,
Eritrea,Tigrinya,,,,Arabic Italian
Estonia,Estonian,,,,English Russian
Eswatini,English Swazi,,,,
Ethiopia,Afar Amharic Oromo Somali Tigrinya,Afar Amharic Benshangul Gumuz Harari Kunama Oromo Sidamo Somali Tigrinya,,,
Fiji,English Fijian Fiji Hindi Standard Hindi,,,,
Finland,Finnish Swedish,Finnish Swedish,,"Sami (in Enontekiö, Inari, Sodankylä, Utsjoki)",English
France,French[31],,,Corsican language Basque language Breton language,Occitan language
Gabon,French,,,,
The Gambia,English,Mandinka Pulaar Wolof Serer Jola English Balanta Arabic Mandjak Mankanya Noon Dyula Soninke Fula Karon Kassonke Cangin Gambian Sign Language,,,Wolof Mandinka Pulaar Soninke Jola-Fonyi Serer Mandjak Bainuk Kiriol
Georgia,Georgian,,,,Russian
Germany,German[32],,Danish (in Schleswig-Holstein) Lower Sorbian (in Brandenburg) North Frisian (in Schleswig-Holstein) Saterland Frisian (in Lower Saxony) Upper Sorbian (in Saxony) German Sign Language Low German,Danish Lower Sorbian North Frisian Romani[33] Upper Sorbian,English
Ghana,English,Working languages: English French Hindi (except Urdu) Arabic Ghanaian English Ghanaian Pidgin English,Fante Asante Twi Akuapem Twi Adangme (in Greater Accra) Dagaare (in the Upper West Region) Dagbani (in the Northern Region) Ewe (in the Volta Region) Ga (in Greater Accra) Gonja (in the Northern Region) Kasem (in the Upper East Region) Nzema (in the Western Region),,
Greece,Greek,,,,
Grenada,English,,,,
Guatemala,Spanish,Garifuna Maya Xinca,,,
Guinea,French,,,,Fula Maninka Susu
Guinea-Bissau,Portuguese,,,,
Guyana,English,,,,Guyanese Creole
Haiti,French Haitian Creole,,,,
Honduras,Spanish,,,,
Hong Kong,Cantonese English,,,,
Hungary,Hungarian[34],,,Croatian[35] German[35] Romanian[35] Serbian[35] Slovak[35] Slovene[35],
Iceland,Icelandic Icelandic Sign Language[36],,,,
India,Hindi English,Scheduled languages:[37] Assamese Bengali Bodo Dogri Gujarati Hindi Kannada Kashmiri Konkani Maithili Malayalam Meitei (Manipuri) Marathi Nepali Odia (Oriya) Punjabi Sanskrit Santali Sindhi Tamil Telugu Urdu,Hundreds of regional languages: Assamese Awadhi Bengali Bhili Bhojpuri Boro Chhattisgarhi Dogri Indian English Garhwali Garo Gondi Gujarati Haryanvi Hindi Ho Kannada Kashmiri Khasi Konkani Kumaoni Maithili Meitei Marathi Mizo Nepali Odia Punjabi Rajasthani languages Santali Sindhi Tamil Telugu Urdu,,
Indonesia,Indonesian,Indonesian,Javanese (in Yogyakarta),,Indonesian Malay Javanese Sundanese Batak Minangkabau 700 more languages in Indonesia
Iran,Persian,Persian,,Azerbaijani Kurdish Luri Gilaki Mazanderani Balochi Arabic Qashqai Tati Turkmeni,
Iraq,Arabic Kurdish[38],,Armenian recognized Assyrian Neo-Aramaic (in Assyrian areas) Iraqi Turkmen (in Turkmen areas),,
Ireland[39],Irish English,Irish,,,
Israel,Hebrew,,Arabic,English,Russian English
Italy,Italian,,French (in Aosta Valley) Franco-Provençal (in Aosta Valley) German (in South Tyrol) Ladin (in South Tyrol) Friulian (in Friuli-Venezia Giulia) Sardinian (in Sardinia) Corsican (in northern Sardinia),Catalan (in Sardinia) Slovene (in Friuli-Venezia Giulia) Occitan (in Piedmont's Occitan valleys) Albanian (in Sicily and Calabria) Greek (in Calabria and Puglia),Other Italo-Dalmatian languages
Ivory Coast,French,,,,
Jamaica,English,Jamaican Patois,Jamaican Patois,,Jamaican Patois
Japan,None (Japanese has de facto status),Japanese,,,
Jordan,Arabic,,,Circassian Chechen Armenian,
Kazakhstan,Kazakh Russian,Kazakh,,,
Kenya,English Swahili,Swahili,,,
Kiribati,English Gilbertese,,,,
North Korea,Korean,,,,
South Korea,Korean Korean Sign Language,,,,
Kosovo[a],Albanian Serbian,Albanian (nationwide) Serbian (Northern Kosovo),Turkish,,
Kuwait,Arabic,Kuwaiti Sign Language Kuwaiti Arabic Kuwaiti Persian,,,
Kyrgyzstan,Kyrgyz Russian,Kyrgyz,,,
Laos,Lao,,,,French
Latvia,Latvian[40][41],,,,Russian
Lebanon,Arabic,Arabic English French,Arabic,Armenian,Arabic English French
Lesotho,Sesotho English,Sotho,,,
Liberia,English,,,,
Libya,Arabic,,,,
Liechtenstein,German,,,,
Lithuania,Lithuanian,,,,Polish Russian
Luxembourg,French German Luxembourgish,Luxembourgish,,,English Portuguese
Macau,Cantonese Portuguese,,,,
Madagascar,French Malagasy,Malagasy,,,
Malawi,English,Chichewa,,,
Malaysia,Malay[f],Malay,Regional/State dialects,,Malay Mandarin Chinese Cantonese Tamil English
Maldives,Dhivehi,Dhivehi,,,English
Mali,Bambara Bobo Bozo Dogon Fula Hassaniya Kassonke Maninke Minyanka Senufo Songhay Soninke Tamasheq,,,French,
Malta,Maltese English,Maltese,,,
Sovereign Military Order of Malta[a],Italian,,,,
Marshall Islands,English Marshallese,,,,
Mauritania,Arabic,Arabic Fula Soninke Wolof,,,French
Mauritius,None (English and French have de facto status),,,English,
Mexico,None (Spanish has de facto status),68 National languages,,,
Federated States of Micronesia,English,,Chuukese (in Chuuk State) Kosraean (in Kosrae State) Pohnpeian (in Pohnpei State) Yapese (in Yap State),,
Moldova,Romanian,,Gagauz Russian Ukrainian,,
Monaco[43],French,,,,Monégasque
Mongolia,Mongolian,,,,
Montenegro,Montenegrin,,,,
Morocco,Arabic Berber,Arabic Berber,,,French
Mozambique,Portuguese,,,,
Myanmar (Burma),Burmese,,Chin Kachin Karen Karenni Mon Rakhine Shan,,English
Namibia[44],English,Afrikaans,German Oshiwambo,,
Nauru,English Nauruan,,,,
Nepal,Nepali[45],All languages spoken as the mother tongue in Nepal[46],,,
Netherlands,Dutch,,"Frisian (in the province of Friesland) English (in Sint Maarten, Sint Eustatius, Saba) Papiamento (in Aruba, Curaçao, Bonaire)",Dutch Low Saxon Dutch Sign Language Limburgish Sinte Romani Yiddish,English
New Zealand,Māori language New Zealand Sign Language (English has de facto status),,Tokelauan language (in Tokelau),,
Nicaragua,Spanish,,In Autonomous Regions: Creole Garifuna Mayangna Miskito Rama Sumo,,
Niger,Hausa,Arabic French Fulfulde Gulmancema Kanuri Zarma Tamazight,,,
Nigeria,English,Hausa Yoruba Igbo,,,English Hausa
Niue,English Niuean,,,,
North Macedonia,Macedonian Albanian[47],,,,
Northern Cyprus[a],Turkish,,,,
Norway,Norwegian Sami[48],Bokmål (written) Nynorsk (written),Northern Sami Lule Sami Southern Sámi Kven,Kven Scandoromani,English
Oman,Arabic,,,Shehri,
Pakistan,Urdu English,Urdu,Punjabi Sindhi Pashto Balochi Saraiki Hindko Brahui Kashmiri Balti Shina,Burushaski Khowar Wakhi Gujari Torwali Gawri/Kalāmi Dhatki Marwari Gujarati Memoni Hazargi Persian/Dari,Punjabi Balochi Sindhi Pashto Saraiki
Palau,English Palauan,,Sonsorolese (in Sonsorol) Tobian (in Hatohobei) Japanese (in Angaur),,
Palestine,Arabic,,,,English Hebrew
Panama,Spanish,,,,
Papua New Guinea,English Hiri Motu PNG Sign Language Tok Pisin,,,,
Paraguay,Spanish Guaraní,,,,
Peru,Spanish,,"Quechua, Aymara and other native languages are official wherever they predominate.",,
Philippines,Filipino English,Filipino Filipino Sign Language (national sign language),"Aklanon (in the Visayas) Bikol (in Luzon) Cebuano (in the Visayas and Mindanao) Chavacano (in Mindanao) Hiligaynon (in the Visayas) Ibanag (in Luzon) Ilocano (in Luzon, official in La Union[49]) Ivatan (in Luzon) Kapampangan (in Luzon) Kinaray-a (in the Visayas) Maguindanao (in Mindanao) Maranao (in Mindanao) Pangasinan (in Luzon) Sambal (in Luzon) Tagalog (in Luzon) Tausug (in Mindanao) Waray (in the Visayas) Yakan (in Mindanao)",Arabic[g] (optional language) Spanish[g] (optional language) Over 100 more minority languages,
Poland,Polish,,Kashubian (Pomeranian Voivodeship) German (Opole Voivodeship) Lithuanian (Puńsk commune) Belarusian (Podlaskie Voivodseship),Lemko Karaim Tatar Ukrainian,English
Portugal,Portuguese,,Mirandese (Terra de Miranda),,English
Qatar,Arabic,,,,
Romania,Romanian,,,Armenian German Hungarian Romani Russian Serbian Slovak Tatar Turkish Ukrainian,
Russia,Russian,,Ossetic Ukrainian Belarusian Buryat Kalmyk Chechen Ingush Abaza Adyghe Tsakhur Lezgian Cherkess Kabardian Altai Bashkir Chuvash Crimean Tatar Karachay-Balkar Khakas Nogai Tatar Tuvan Yakut Erzya Komi Hill Mari Meadow Mari Karelian Moksha Veps Ingrian Ludian Udmurt,,
Rwanda,English French Kinyarwanda Swahili,Kinyarwanda,,,
Sahrawi Arab Democratic Republic[a],Arabic Spanish,Arabic,,,
Saint Kitts and Nevis,English,,,,
Saint Lucia,English,,,,
Saint Vincent and the Grenadines,English,,,,
Samoa,English Samoan,,,,
San Marino,Italian,,,,
São Tomé and Príncipe,Portuguese,,,,
Saudi Arabia,Arabic,,,Faifi Razihi Mehri,Indian Languages Filipino Bengali
Senegal,French,Jola-Fogny Mandinka Pulaar Serer Soninke Wolof,,,
Serbia,Serbian,,,(15 languages),
Seychelles,English French Seychellois Creole,,,,
Sierra Leone,English,Krio,,,
Singapore,English Malay Mandarin Chinese Tamil,Malay,,,
Slovakia,Slovak,,,Bulgarian Czech German Hungarian Polish Romani Rusyn Serbian Ukrainian,
Slovenia,Slovene,,,"Hungarian (Dobrovnik, Hodoš, Lendava) Italian (Izola, Koper, Piran) Croatian (Metlika, Brežice)",
Solomon Islands,English,,,,
Somalia,Somali Arabic,,,,
Somaliland[a],Arabic English Somali,,,,
South Africa,Afrikaans English Southern Ndebele Sotho Northern Sotho Swazi Tsonga Tswana Venda Xhosa Zulu SA Sign Language[51],,,,
South Ossetia[a],Ossetian Russian,,Georgian,Georgian,
South Sudan,English,Bari Dinka Luo Murle Nuer Zande (60 other languages),,,
Spain,Spanish,,"Catalan (Balearic Islands, Catalonia, Valencian Community) Galician (Galicia) Occitan (Catalonia) Basque (Basque Country, Navarra)","Astur-Leonese (Asturias, León, Zamora, Salamanca, Cáceres) Aragonese (Aragon) Fala (Province of Cáceres) Portuguese Galician (Asturias, León, Zamora) Catalan (Aragon, Carche)",
Sri Lanka,Sinhala Tamil,,,,English
Sudan,Arabic English,,,,
Suriname,Dutch,Sranan Tongo,,,
Sweden,Swedish,,,"Finnish (Gällivare, Haparanda, Kiruna, Pajala, Övertorneå) Meänkieli (Gällivare, Haparanda, Kiruna, Pajala, Övertorneå) Sami (Arjeplog, Gällivare, Jokkmokk, Kiruna) Yiddish Romani",English
Switzerland,"French (Bern, Fribourg, Geneva, Jura, Neuchâtel, Valais, Vaud) German (Aargau, Appenzell Ausserrhoden, Appenzell Innerrhoden, Basel-Landschaft, Basel-Stadt, Bern, Fribourg, Glarus, Graubünden, Lucerne, Nidwalden, Obwalden, Saint Gallen, Schaffhausen, Schwyz, Solothurn, Thurgau, Uri, Valais, Zug, Zürich) Italian (Ticino, Graubünden) Romansh (Graubünden)",,,,
Syria,Arabic,,Kurdish,Assyrian Western Neo-Aramaic Armenian,
Taiwan,None (Mandarin Chinese has de facto status),Taiwanese Mandarin[h] Taiwanese Hokkien[h] Taiwanese Hakka[52] Formosan languages[53] Taiwan Sign Language Matsu dialect Wuqiu dialect,,,
Tajikistan,Tajik,Tajik,,,Russian
Tanzania,Swahili English,Swahili,,,
Thailand,Thai,,Central Thai Isan Northern Thai Southern Thai,Sixty-two 'domestic' languages are officially recognized,Burmese
Togo,French,,,,
Tonga,English Tongan,,,,
Transnistria[a],Moldovan Russian Ukrainian,,,,
Trinidad and Tobago,English,,,,Trinidadian Creole
Tunisia,Arabic,Arabic,,,
Turkey,Turkish,Turkish,,Kurdish,
Turkmenistan,Turkmen,Turkmen,,,Russian
Tuvalu,Tuvaluan English,Tuvaluan English,,,
Uganda,English Swahili[54],,,,
Ukraine,Ukrainian,,Russian (Autonomous Republic of Crimea) Crimean Tatar (Autonomous Republic of Crimea),,
United Arab Emirates,Arabic,,,,English
United Kingdom and Crown dependencies etc.,None (English has de facto status),,Irish and Ulster-Scots (in Northern Ireland) Scots and Scottish Gaelic (in Scotland) Welsh (in Wales) Pitcairnese (in Pitcairn Islands) Guernésiais and French (in Guernsey) Jèrriais and French (in Jersey) Manx (in Isle of Man),,
United States,None (English has de facto status) [i],English,(28 languages),indigenous languages of recognized federal tribes,
Uruguay,(Spanish has de facto status) Uruguayan Sign Language,,,,
Uzbekistan,Uzbek,,,Uzbek Karakalpak and Uzbek in Karakalpakstan,Russian
Vanuatu,English French Bislama,,,,
Vatican City,Italian Latin,,,,Swiss German
Venezuela,Spanish,,,Native languages are official for indigenous peoples,
Vietnam,Vietnamese,Vietnamese,,Cantonese Cham Hmong Khmer Lao Muong Rade Tay Thai Vietnamese sign languages,
Yemen,Arabic,,,Mehri Soqotri,
Zambia,English,,,,
Zimbabwe,Chewa Chibarwe English Kalanga Khoisan[j][56] Nambya Ndau Ndebele Shangani Shona Sign language[k] Sotho Tonga Tswana Venda Xhosa,,,,
