STRUCTURE,STRUCTURE_ID,STRUCTURE_NAME,freq,Time frequency,unit,Unit of measure,sector,Sector,na_item,National accounts indicator (ESA 2010),geo,Geopolitical entity (reporting),TIME_PERIOD,Time,OBS_VALUE,Observation value,OBS_FLAG,Observation status (Flag) V2 structure,CONF_STATUS,Confidentiality status (flag)
dataflow,ESTAT:TEINA225(1.0),General government gross debt - annual data,A,Annual,PC_GDP,Percentage of gross domestic product (GDP),S13,General government,GD,Government consolidated gross debt,AT,Austria,2014,,85.2,,,,,
dataflow,ESTAT:TEINA225(1.0),General government gross debt - annual data,A,Annual,PC_GDP,Percentage of gross domestic product (GDP),S13,General government,GD,Government consolidated gross debt,AT,Austria,2015,,85.6,,,,,
dataflow,ESTAT:TEINA225(1.0),General government gross debt - annual data,A,Annual,PC_GDP,Percentage of gross domestic product (GDP),S13,General government,GD,Government consolidated gross debt,AT,Austria,2016,,83.4,,,,,
dataflow,ESTAT:TEINA225(1.0),General government gross debt - annual data,A,Annual,PC_GDP,Percentage of gross domestic product (GDP),S13,General government,GD,Government consolidated gross debt,AT,Austria,2017,,79.1,,,,,
dataflow,ESTAT:TEINA225(1.0),General government gross debt - annual data,A,Annual,PC_GDP,Percentage of gross domestic product (GDP),S13,General government,GD,Government consolidated gross debt,AT,Austria,2018,,74.6,,,,,
dataflow,ESTAT:TEINA225(1.0),General government gross debt - annual data,A,Annual,PC_GDP,Percentage of gross domestic product (GDP),S13,General government,GD,Government consolidated gross debt,AT,Austria,2019,,71.0,,,,,
dataflow,ESTAT:TEINA225(1.0),General government gross debt - annual data,A,Annual,PC_GDP,Percentage of gross domestic product (GDP),S13,General government,GD,Government consolidated gross debt,AT,Austria,2020,,83.2,,,,,
dataflow,ESTAT:TEINA225(1.0),General government gross debt - annual data,A,Annual,PC_GDP,Percentage of gross domestic product (GDP),S13,General government,GD,Government consolidated gross debt,AT,Austria,2021,,82.4,,,,,
dataflow,ESTAT:TEINA225(1.0),General government gross debt - annual data,A,Annual,PC_GDP,Percentage of gross domestic product (GDP),S13,General government,GD,Government consolidated gross debt,AT,Austria,2022,,78.1,,,,,
dataflow,ESTAT:TEINA225(1.0),General government gross debt - annual data,A,Annual,PC_GDP,Percentage of gross domestic product (GDP),S13,General government,GD,Government consolidated gross debt,AT,Austria,2023,,77.8,,,,,
dataflow,ESTAT:TEINA225(1.0),General government gross debt - annual data,A,Annual,PC_GDP,Percentage of gross domestic product (GDP),S13,General government,GD,Government consolidated gross debt,AT,Austria,2024,,80.0,,,,,
dataflow,ESTAT:TEINA225(1.0),General government gross debt - annual data,A,Annual,PC_GDP,Percentage of gross domestic product (GDP),S13,General government,GD,Government consolidated gross debt,AT,Austria,2025,,81.5,,,,,
dataflow,ESTAT:TEINA225(1.0),General government gross debt - annual data,A,Annual,PC_GDP,Percentage of gross domestic product (GDP),S13,General government,GD,Government consolidated gross debt,BE,Belgium,2014,,106.6,,,,,
dataflow,ESTAT:TEINA225(1.0),General government gross debt - annual data,A,Annual,PC_GDP,Percentage of gross domestic product (GDP),S13,General government,GD,Government consolidated gross debt,BE,Belgium,2015,,105.7,,,,,
dataflow,ESTAT:TEINA225(1.0),General government gross debt - annual data,A,Annual,PC_GDP,Percentage of gross domestic product (GDP),S13,General government,GD,Government consolidated gross debt,BE,Belgium,2016,,105.8,,,,,
dataflow,ESTAT:TEINA225(1.0),General government gross debt - annual data,A,Annual,PC_GDP,Percentage of gross domestic product (GDP),S13,General government,GD,Government consolidated gross debt,BE,Belgium,2017,,102.6,,,,,
dataflow,ESTAT:TEINA225(1.0),General government gross debt - annual data,A,Annual,PC_GDP,Percentage of gross domestic product (GDP),S13,General government,GD,Government consolidated gross debt,BE,Belgium,2018,,100.2,,,,,
dataflow,ESTAT:TEINA225(1.0),General government gross debt - annual data,A,Annual,PC_GDP,Percentage of gross domestic product (GDP),S13,General government,GD,Government consolidated gross debt,BE,Belgium,2019,,97.7,,,,,
dataflow,ESTAT:TEINA225(1.0),General government gross debt - annual data,A,Annual,PC_GDP,Percentage of gross domestic product (GDP),S13,General government,GD,Government consolidated gross debt,BE,Belgium,2020,,111.4,,,,,
dataflow,ESTAT:TEINA225(1.0),General government gross debt - annual data,A,Annual,PC_GDP,Percentage of gross domestic product (GDP),S13,General government,GD,Government consolidated gross debt,BE,Belgium,2021,,108.7,,,,,
dataflow,ESTAT:TEINA225(1.0),General government gross debt - annual data,A,Annual,PC_GDP,Percentage of gross domestic product (GDP),S13,General government,GD,Government consolidated gross debt,BE,Belgium,2022,,103.3,,,,,
dataflow,ESTAT:TEINA225(1.0),General government gross debt - annual data,A,Annual,PC_GDP,Percentage of gross domestic product (GDP),S13,General government,GD,Government consolidated gross debt,BE,Belgium,2023,,102.5,,,,,
dataflow,ESTAT:TEINA225(1.0),General government gross debt - annual data,A,Annual,PC_GDP,Percentage of gross domestic product (GDP),S13,General government,GD,Government consolidated gross debt,BE,Belgium,2024,,103.9,,,,,
dataflow,ESTAT:TEINA225(1.0),General government gross debt - annual data,A,Annual,PC_GDP,Percentage of gross domestic product (GDP),S13,General government,GD,Government consolidated gross debt,BE,Belgium,2025,,107.9,,,,,
dataflow,ESTAT:TEINA225(1.0),General government gross debt - annual data,A,Annual,PC_GDP,Percentage of gross domestic product (GDP),S13,General government,GD,Government consolidated gross debt,BG,Bulgaria,2014,,27.0,,,,,
dataflow,ESTAT:TEINA225(1.0),General government gross debt - annual data,A,Annual,PC_GDP,Percentage of gross domestic product (GDP),S13,General government,GD,Government consolidated gross debt,BG,Bulgaria,2015,,25.9,,,,,
dataflow,ESTAT:TEINA225(1.0),General government gross debt - annual data,A,Annual,PC_GDP,Percentage of gross domestic product (GDP),S13,General government,GD,Government consolidated gross debt,BG,Bulgaria,2016,,29.1,,,,,
dataflow,ESTAT:TEINA225(1.0),General government gross debt - annual data,A,Annual,PC_GDP,Percentage of gross domestic product (GDP),S13,General government,GD,Government consolidated gross debt,BG,Bulgaria,2017,,25.1,,,,,
dataflow,ESTAT:TEINA225(1.0),General government gross debt - annual data,A,Annual,PC_GDP,Percentage of gross domestic product (GDP),S13,General government,GD,Government consolidated gross debt,BG,Bulgaria,2018,,22.2,,,,,
dataflow,ESTAT:TEINA225(1.0),General government gross debt - annual data,A,Annual,PC_GDP,Percentage of gross domestic product (GDP),S13,General government,GD,Government consolidated gross debt,BG,Bulgaria,2019,,20.1,,,,,
dataflow,ESTAT:TEINA225(1.0),General government gross debt - annual data,A,Annual,PC_GDP,Percentage of gross domestic product (GDP),S13,General government,GD,Government consolidated gross debt,BG,Bulgaria,2020,,24.5,,,,,
dataflow,ESTAT:TEINA225(1.0),General government gross debt - annual data,A,Annual,PC_GDP,Percentage of gross domestic product (GDP),S13,General government,GD,Government consolidated gross debt,BG,Bulgaria,2021,,23.8,,,,,
dataflow,ESTAT:TEINA225(1.0),General government gross debt - annual data,A,Annual,PC_GDP,Percentage of gross domestic product (GDP),S13,General government,GD,Government consolidated gross debt,BG,Bulgaria,2022,,22.5,,,,,
dataflow,ESTAT:TEINA225(1.0),General government gross debt - annual data,A,Annual,PC_GDP,Percentage of gross domestic product (GDP),S13,General government,GD,Government consolidated gross debt,BG,Bulgaria,2023,,22.9,,,,,
dataflow,ESTAT:TEINA225(1.0),General government gross debt - annual data,A,Annual,PC_GDP,Percentage of gross domestic product (GDP),S13,General government,GD,Government consolidated gross debt,BG,Bulgaria,2024,,23.8,,,,,
dataflow,ESTAT:TEINA225(1.0),General government gross debt - annual data,A,Annual,PC_GDP,Percentage of gross domestic product (GDP),S13,General government,GD,Government consolidated gross debt,BG,Bulgaria,2025,,29.9,,,,,
dataflow,ESTAT:TEINA225(1.0),General government gross debt - annual data,A,Annual,PC_GDP,Percentage of gross domestic product (GDP),S13,General government,GD,Government consolidated gross debt,CY,Cyprus,2014,,113.5,,,,,
dataflow,ESTAT:TEINA225(1.0),General government gross debt - annual data,A,Annual,PC_GDP,Percentage of gross domestic product (GDP),S13,General government,GD,Government consolidated gross debt,CY,Cyprus,2015,,111.6,,,,,
dataflow,ESTAT:TEINA225(1.0),General government gross debt - annual data,A,Annual,PC_GDP,Percentage of gross domestic product (GDP),S13,General government,GD,Government consolidated gross debt,CY,Cyprus,2016,,106.9,,,,,
dataflow,ESTAT:TEINA225(1.0),General government gross debt - annual data,A,Annual,PC_GDP,Percentage of gross domestic product (GDP),S13,General government,GD,Government consolidated gross debt,CY,Cyprus,2017,,96.5,,,,,
dataflow,ESTAT:TEINA225(1.0),General government gross debt - annual data,A,Annual,PC_GDP,Percentage of gross domestic product (GDP),S13,General government,GD,Government consolidated gross debt,CY,Cyprus,2018,,100.7,,,,,
dataflow,ESTAT:TEINA225(1.0),General government gross debt - annual data,A,Annual,PC_GDP,Percentage of gross domestic product (GDP),S13,General government,GD,Government consolidated gross debt,CY,Cyprus,2019,,92.3,,,,,
dataflow,ESTAT:TEINA225(1.0),General government gross debt - annual data,A,Annual,PC_GDP,Percentage of gross domestic product (GDP),S13,General government,GD,Government consolidated gross debt,CY,Cyprus,2020,,113.6,,,,,
dataflow,ESTAT:TEINA225(1.0),General government gross debt - annual data,A,Annual,PC_GDP,Percentage of gross domestic product (GDP),S13,General government,GD,Government consolidated gross debt,CY,Cyprus,2021,,96.5,,,,,
dataflow,ESTAT:TEINA225(1.0),General government gross debt - annual data,A,Annual,PC_GDP,Percentage of gross domestic product (GDP),S13,General government,GD,Government consolidated gross debt,CY,Cyprus,2022,,80.1,,,,,
dataflow,ESTAT:TEINA225(1.0),General government gross debt - annual data,A,Annual,PC_GDP,Percentage of gross domestic product (GDP),S13,General government,GD,Government consolidated gross debt,CY,Cyprus,2023,,71.1,,,,,
dataflow,ESTAT:TEINA225(1.0),General government gross debt - annual data,A,Annual,PC_GDP,Percentage of gross domestic product (GDP),S13,General government,GD,Government consolidated gross debt,CY,Cyprus,2024,,62.7,,,,,
dataflow,ESTAT:TEINA225(1.0),General government gross debt - annual data,A,Annual,PC_GDP,Percentage of gross domestic product (GDP),S13,General government,GD,Government consolidated gross debt,CY,Cyprus,2025,,55.0,,,,,
dataflow,ESTAT:TEINA225(1.0),General government gross debt - annual data,A,Annual,PC_GDP,Percentage of gross domestic product (GDP),S13,General government,GD,Government consolidated gross debt,CZ,Czechia,2014,,41.5,,,,,
dataflow,ESTAT:TEINA225(1.0),General government gross debt - annual data,A,Annual,PC_GDP,Percentage of gross domestic product (GDP),S13,General government,GD,Government consolidated gross debt,CZ,Czechia,2015,,39.5,,,,,
dataflow,ESTAT:TEINA225(1.0),General government gross debt - annual data,A,Annual,PC_GDP,Percentage of gross domestic product (GDP),S13,General government,GD,Government consolidated gross debt,CZ,Czechia,2016,,36.2,,,,,
dataflow,ESTAT:TEINA225(1.0),General government gross debt - annual data,A,Annual,PC_GDP,Percentage of gross domestic product (GDP),S13,General government,GD,Government consolidated gross debt,CZ,Czechia,2017,,33.8,,,,,
dataflow,ESTAT:TEINA225(1.0),General government gross debt - annual data,A,Annual,PC_GDP,Percentage of gross domestic product (GDP),S13,General government,GD,Government consolidated gross debt,CZ,Czechia,2018,,31.7,,,,,
dataflow,ESTAT:TEINA225(1.0),General government gross debt - annual data,A,Annual,PC_GDP,Percentage of gross domestic product (GDP),S13,General government,GD,Government consolidated gross debt,CZ,Czechia,2019,,29.6,,,,,
dataflow,ESTAT:TEINA225(1.0),General government gross debt - annual data,A,Annual,PC_GDP,Percentage of gross domestic product (GDP),S13,General government,GD,Government consolidated gross debt,CZ,Czechia,2020,,36.9,,,,,
dataflow,ESTAT:TEINA225(1.0),General government gross debt - annual data,A,Annual,PC_GDP,Percentage of gross domestic product (GDP),S13,General government,GD,Government consolidated gross debt,CZ,Czechia,2021,,40.7,,,,,
dataflow,ESTAT:TEINA225(1.0),General government gross debt - annual data,A,Annual,PC_GDP,Percentage of gross domestic product (GDP),S13,General government,GD,Government consolidated gross debt,CZ,Czechia,2022,,42.5,,,,,
dataflow,ESTAT:TEINA225(1.0),General government gross debt - annual data,A,Annual,PC_GDP,Percentage of gross domestic product (GDP),S13,General government,GD,Government consolidated gross debt,CZ,Czechia,2023,,42.2,,,,,
dataflow,ESTAT:TEINA225(1.0),General government gross debt - annual data,A,Annual,PC_GDP,Percentage of gross domestic product (GDP),S13,General government,GD,Government consolidated gross debt,CZ,Czechia,2024,,43.3,,,,,
dataflow,ESTAT:TEINA225(1.0),General government gross debt - annual data,A,Annual,PC_GDP,Percentage of gross domestic product (GDP),S13,General government,GD,Government consolidated gross debt,CZ,Czechia,2025,,44.3,,,,,
dataflow,ESTAT:TEINA225(1.0),General government gross debt - annual data,A,Annual,PC_GDP,Percentage of gross domestic product (GDP),S13,General government,GD,Government consolidated gross debt,DE,Germany,2014,,74.5,,,,,
dataflow,ESTAT:TEINA225(1.0),General government gross debt - annual data,A,Annual,PC_GDP,Percentage of gross domestic product (GDP),S13,General government,GD,Government consolidated gross debt,DE,Germany,2015,,71.2,,,,,
dataflow,ESTAT:TEINA225(1.0),General government gross debt - annual data,A,Annual,PC_GDP,Percentage of gross domestic product (GDP),S13,General government,GD,Government consolidated gross debt,DE,Germany,2016,,68.3,,,,,
dataflow,ESTAT:TEINA225(1.0),General government gross debt - annual data,A,Annual,PC_GDP,Percentage of gross domestic product (GDP),S13,General government,GD,Government consolidated gross debt,DE,Germany,2017,,64.0,,,,,
dataflow,ESTAT:TEINA225(1.0),General government gross debt - annual data,A,Annual,PC_GDP,Percentage of gross domestic product (GDP),S13,General government,GD,Government consolidated gross debt,DE,Germany,2018,,60.8,,,,,
dataflow,ESTAT:TEINA225(1.0),General government gross debt - annual data,A,Annual,PC_GDP,Percentage of gross domestic product (GDP),S13,General government,GD,Government consolidated gross debt,DE,Germany,2019,,58.7,,,,,
dataflow,ESTAT:TEINA225(1.0),General government gross debt - annual data,A,Annual,PC_GDP,Percentage of gross domestic product (GDP),S13,General government,GD,Government consolidated gross debt,DE,Germany,2020,,68.0,,,,,
dataflow,ESTAT:TEINA225(1.0),General government gross debt - annual data,A,Annual,PC_GDP,Percentage of gross domestic product (GDP),S13,General government,GD,Government consolidated gross debt,DE,Germany,2021,,67.9,,,,,
dataflow,ESTAT:TEINA225(1.0),General government gross debt - annual data,A,Annual,PC_GDP,Percentage of gross domestic product (GDP),S13,General government,GD,Government consolidated gross debt,DE,Germany,2022,,64.4,,,,,
dataflow,ESTAT:TEINA225(1.0),General government gross debt - annual data,A,Annual,PC_GDP,Percentage of gross domestic product (GDP),S13,General government,GD,Government consolidated gross debt,DE,Germany,2023,,62.3,,,,,
dataflow,ESTAT:TEINA225(1.0),General government gross debt - annual data,A,Annual,PC_GDP,Percentage of gross domestic product (GDP),S13,General government,GD,Government consolidated gross debt,DE,Germany,2024,,62.2,,,,,
dataflow,ESTAT:TEINA225(1.0),General government gross debt - annual data,A,Annual,PC_GDP,Percentage of gross domestic product (GDP),S13,General government,GD,Government consolidated gross debt,DE,Germany,2025,,63.5,,,,,
dataflow,ESTAT:TEINA225(1.0),General government gross debt - annual data,A,Annual,PC_GDP,Percentage of gross domestic product (GDP),S13,General government,GD,Government consolidated gross debt,DK,Denmark,2014,,48.7,,,,,
dataflow,ESTAT:TEINA225(1.0),General government gross debt - annual data,A,Annual,PC_GDP,Percentage of gross domestic product (GDP),S13,General government,GD,Government consolidated gross debt,DK,Denmark,2015,,44.6,,,,,
dataflow,ESTAT:TEINA225(1.0),General government gross debt - annual data,A,Annual,PC_GDP,Percentage of gross domestic product (GDP),S13,General government,GD,Government consolidated gross debt,DK,Denmark,2016,,41.7,,,,,
dataflow,ESTAT:TEINA225(1.0),General government gross debt - annual data,A,Annual,PC_GDP,Percentage of gross domestic product (GDP),S13,General government,GD,Government consolidated gross debt,DK,Denmark,2017,,40.2,,,,,
dataflow,ESTAT:TEINA225(1.0),General government gross debt - annual data,A,Annual,PC_GDP,Percentage of gross domestic product (GDP),S13,General government,GD,Government consolidated gross debt,DK,Denmark,2018,,38.5,,,,,
dataflow,ESTAT:TEINA225(1.0),General government gross debt - annual data,A,Annual,PC_GDP,Percentage of gross domestic product (GDP),S13,General government,GD,Government consolidated gross debt,DK,Denmark,2019,,38.3,,,,,
dataflow,ESTAT:TEINA225(1.0),General government gross debt - annual data,A,Annual,PC_GDP,Percentage of gross domestic product (GDP),S13,General government,GD,Government consolidated gross debt,DK,Denmark,2020,,45.2,,,,,
dataflow,ESTAT:TEINA225(1.0),General government gross debt - annual data,A,Annual,PC_GDP,Percentage of gross domestic product (GDP),S13,General government,GD,Government consolidated gross debt,DK,Denmark,2021,,39.6,,,,,
dataflow,ESTAT:TEINA225(1.0),General government gross debt - annual data,A,Annual,PC_GDP,Percentage of gross domestic product (GDP),S13,General government,GD,Government consolidated gross debt,DK,Denmark,2022,,33.3,,,,,
dataflow,ESTAT:TEINA225(1.0),General government gross debt - annual data,A,Annual,PC_GDP,Percentage of gross domestic product (GDP),S13,General government,GD,Government consolidated gross debt,DK,Denmark,2023,,33.0,,,,,
dataflow,ESTAT:TEINA225(1.0),General government gross debt - annual data,A,Annual,PC_GDP,Percentage of gross domestic product (GDP),S13,General government,GD,Government consolidated gross debt,DK,Denmark,2024,,30.5,,,,,
dataflow,ESTAT:TEINA225(1.0),General government gross debt - annual data,A,Annual,PC_GDP,Percentage of gross domestic product (GDP),S13,General government,GD,Government consolidated gross debt,DK,Denmark,2025,,27.9,,,,,
dataflow,ESTAT:TEINA225(1.0),General government gross debt - annual data,A,Annual,PC_GDP,Percentage of gross domestic product (GDP),S13,General government,GD,Government consolidated gross debt,EA20,Euro area – 20 countries (2023-2025),2014,,92.9,,,,,
dataflow,ESTAT:TEINA225(1.0),General government gross debt - annual data,A,Annual,PC_GDP,Percentage of gross domestic product (GDP),S13,General government,GD,Government consolidated gross debt,EA20,Euro area – 20 countries (2023-2025),2015,,91.0,,,,,
dataflow,ESTAT:TEINA225(1.0),General government gross debt - annual data,A,Annual,PC_GDP,Percentage of gross domestic product (GDP),S13,General government,GD,Government consolidated gross debt,EA20,Euro area – 20 countries (2023-2025),2016,,89.9,,,,,
dataflow,ESTAT:TEINA225(1.0),General government gross debt - annual data,A,Annual,PC_GDP,Percentage of gross domestic product (GDP),S13,General government,GD,Government consolidated gross debt,EA20,Euro area – 20 countries (2023-2025),2017,,87.5,,,,,
dataflow,ESTAT:TEINA225(1.0),General government gross debt - annual data,A,Annual,PC_GDP,Percentage of gross domestic product (GDP),S13,General government,GD,Government consolidated gross debt,EA20,Euro area – 20 countries (2023-2025),2018,,85.5,,,,,
dataflow,ESTAT:TEINA225(1.0),General government gross debt - annual data,A,Annual,PC_GDP,Percentage of gross domestic product (GDP),S13,General government,GD,Government consolidated gross debt,EA20,Euro area – 20 countries (2023-2025),2019,,83.6,,,,,
dataflow,ESTAT:TEINA225(1.0),General government gross debt - annual data,A,Annual,PC_GDP,Percentage of gross domestic product (GDP),S13,General government,GD,Government consolidated gross debt,EA20,Euro area – 20 countries (2023-2025),2020,,96.5,,,,,
dataflow,ESTAT:TEINA225(1.0),General government gross debt - annual data,A,Annual,PC_GDP,Percentage of gross domestic product (GDP),S13,General government,GD,Government consolidated gross debt,EA20,Euro area – 20 countries (2023-2025),2021,,93.8,,,,,
dataflow,ESTAT:TEINA225(1.0),General government gross debt - annual data,A,Annual,PC_GDP,Percentage of gross domestic product (GDP),S13,General government,GD,Government consolidated gross debt,EA20,Euro area – 20 countries (2023-2025),2022,,89.3,,,,,
dataflow,ESTAT:TEINA225(1.0),General government gross debt - annual data,A,Annual,PC_GDP,Percentage of gross domestic product (GDP),S13,General government,GD,Government consolidated gross debt,EA20,Euro area – 20 countries (2023-2025),2023,,86.9,,,,,
dataflow,ESTAT:TEINA225(1.0),General government gross debt - annual data,A,Annual,PC_GDP,Percentage of gross domestic product (GDP),S13,General government,GD,Government consolidated gross debt,EA20,Euro area – 20 countries (2023-2025),2024,,87.0,,,,,
dataflow,ESTAT:TEINA225(1.0),General government gross debt - annual data,A,Annual,PC_GDP,Percentage of gross domestic product (GDP),S13,General government,GD,Government consolidated gross debt,EA20,Euro area – 20 countries (2023-2025),2025,,87.8,,,,,
dataflow,ESTAT:TEINA225(1.0),General government gross debt - annual data,A,Annual,PC_GDP,Percentage of gross domestic product (GDP),S13,General government,GD,Government consolidated gross debt,EA21,Euro area – 21 countries (from 2026),2014,,92.7,,,,,
dataflow,ESTAT:TEINA225(1.0),General government gross debt - annual data,A,Annual,PC_GDP,Percentage of gross domestic product (GDP),S13,General government,GD,Government consolidated gross debt,EA21,Euro area – 21 countries (from 2026),2015,,90.7,,,,,
dataflow,ESTAT:TEINA225(1.0),General government gross debt - annual data,A,Annual,PC_GDP,Percentage of gross domestic product (GDP),S13,General government,GD,Government consolidated gross debt,EA21,Euro area – 21 countries (from 2026),2016,,89.7,,,,,
dataflow,ESTAT:TEINA225(1.0),General government gross debt - annual data,A,Annual,PC_GDP,Percentage of gross domestic product (GDP),S13,General government,GD,Government consolidated gross debt,EA21,Euro area – 21 countries (from 2026),2017,,87.2,,,,,
dataflow,ESTAT:TEINA225(1.0),General government gross debt - annual data,A,Annual,PC_GDP,Percentage of gross domestic product (GDP),S13,General government,GD,Government consolidated gross debt,EA21,Euro area – 21 countries (from 2026),2018,,85.2,,,,,
dataflow,ESTAT:TEINA225(1.0),General government gross debt - annual data,A,Annual,PC_GDP,Percentage of gross domestic product (GDP),S13,General government,GD,Government consolidated gross debt,EA21,Euro area – 21 countries (from 2026),2019,,83.3,,,,,
dataflow,ESTAT:TEINA225(1.0),General government gross debt - annual data,A,Annual,PC_GDP,Percentage of gross domestic product (GDP),S13,General government,GD,Government consolidated gross debt,EA21,Euro area – 21 countries (from 2026),2020,,96.1,,,,,
dataflow,ESTAT:TEINA225(1.0),General government gross debt - annual data,A,Annual,PC_GDP,Percentage of gross domestic product (GDP),S13,General government,GD,Government consolidated gross debt,EA21,Euro area – 21 countries (from 2026),2021,,93.4,,,,,
dataflow,ESTAT:TEINA225(1.0),General government gross debt - annual data,A,Annual,PC_GDP,Percentage of gross domestic product (GDP),S13,General government,GD,Government consolidated gross debt,EA21,Euro area – 21 countries (from 2026),2022,,88.9,,,,,
dataflow,ESTAT:TEINA225(1.0),General government gross debt - annual data,A,Annual,PC_GDP,Percentage of gross domestic product (GDP),S13,General government,GD,Government consolidated gross debt,EA21,Euro area – 21 countries (from 2026),2023,,86.5,,,,,
dataflow,ESTAT:TEINA225(1.0),General government gross debt - annual data,A,Annual,PC_GDP,Percentage of gross domestic product (GDP),S13,General government,GD,Government consolidated gross debt,EA21,Euro area – 21 countries (from 2026),2024,,86.6,,,,,
dataflow,ESTAT:TEINA225(1.0),General government gross debt - annual data,A,Annual,PC_GDP,Percentage of gross domestic product (GDP),S13,General government,GD,Government consolidated gross debt,EA21,Euro area – 21 countries (from 2026),2025,,87.4,,,,,
dataflow,ESTAT:TEINA225(1.0),General government gross debt - annual data,A,Annual,PC_GDP,Percentage of gross domestic product (GDP),S13,General government,GD,Government consolidated gross debt,EE,Estonia,2014,,11.6,,,,,
dataflow,ESTAT:TEINA225(1.0),General government gross debt - annual data,A,Annual,PC_GDP,Percentage of gross domestic product (GDP),S13,General government,GD,Government consolidated gross debt,EE,Estonia,2015,,10.8,,,,,
dataflow,ESTAT:TEINA225(1.0),General government gross debt - annual data,A,Annual,PC_GDP,Percentage of gross domestic product (GDP),S13,General government,GD,Government consolidated gross debt,EE,Estonia,2016,,10.2,,,,,
dataflow,ESTAT:TEINA225(1.0),General government gross debt - annual data,A,Annual,PC_GDP,Percentage of gross domestic product (GDP),S13,General government,GD,Government consolidated gross debt,EE,Estonia,2017,,9.4,,,,,
dataflow,ESTAT:TEINA225(1.0),General government gross debt - annual data,A,Annual,PC_GDP,Percentage of gross domestic product (GDP),S13,General government,GD,Government consolidated gross debt,EE,Estonia,2018,,8.5,,,,,
dataflow,ESTAT:TEINA225(1.0),General government gross debt - annual data,A,Annual,PC_GDP,Percentage of gross domestic product (GDP),S13,General government,GD,Government consolidated gross debt,EE,Estonia,2019,,9.0,,,,,
dataflow,ESTAT:TEINA225(1.0),General government gross debt - annual data,A,Annual,PC_GDP,Percentage of gross domestic product (GDP),S13,General government,GD,Government consolidated gross debt,EE,Estonia,2020,,19.1,,,,,
dataflow,ESTAT:TEINA225(1.0),General government gross debt - annual data,A,Annual,PC_GDP,Percentage of gross domestic product (GDP),S13,General government,GD,Government consolidated gross debt,EE,Estonia,2021,,18.4,,,,,
dataflow,ESTAT:TEINA225(1.0),General government gross debt - annual data,A,Annual,PC_GDP,Percentage of gross domestic product (GDP),S13,General government,GD,Government consolidated gross debt,EE,Estonia,2022,,19.2,,,,,
dataflow,ESTAT:TEINA225(1.0),General government gross debt - annual data,A,Annual,PC_GDP,Percentage of gross domestic product (GDP),S13,General government,GD,Government consolidated gross debt,EE,Estonia,2023,,20.2,,,,,
dataflow,ESTAT:TEINA225(1.0),General government gross debt - annual data,A,Annual,PC_GDP,Percentage of gross domestic product (GDP),S13,General government,GD,Government consolidated gross debt,EE,Estonia,2024,,23.5,,,,,
dataflow,ESTAT:TEINA225(1.0),General government gross debt - annual data,A,Annual,PC_GDP,Percentage of gross domestic product (GDP),S13,General government,GD,Government consolidated gross debt,EE,Estonia,2025,,24.1,,,,,
dataflow,ESTAT:TEINA225(1.0),General government gross debt - annual data,A,Annual,PC_GDP,Percentage of gross domestic product (GDP),S13,General government,GD,Government consolidated gross debt,EL,Greece,2014,,182.7,,,,,
dataflow,ESTAT:TEINA225(1.0),General government gross debt - annual data,A,Annual,PC_GDP,Percentage of gross domestic product (GDP),S13,General government,GD,Government consolidated gross debt,EL,Greece,2015,,179.6,,,,,
dataflow,ESTAT:TEINA225(1.0),General government gross debt - annual data,A,Annual,PC_GDP,Percentage of gross domestic product (GDP),S13,General government,GD,Government consolidated gross debt,EL,Greece,2016,,183.1,,,,,
dataflow,ESTAT:TEINA225(1.0),General government gross debt - annual data,A,Annual,PC_GDP,Percentage of gross domestic product (GDP),S13,General government,GD,Government consolidated gross debt,EL,Greece,2017,,182.1,,,,,
dataflow,ESTAT:TEINA225(1.0),General government gross debt - annual data,A,Annual,PC_GDP,Percentage of gross domestic product (GDP),S13,General government,GD,Government consolidated gross debt,EL,Greece,2018,,189.0,,,,,
dataflow,ESTAT:TEINA225(1.0),General government gross debt - annual data,A,Annual,PC_GDP,Percentage of gross domestic product (GDP),S13,General government,GD,Government consolidated gross debt,EL,Greece,2019,,183.2,,,,,
dataflow,ESTAT:TEINA225(1.0),General government gross debt - annual data,A,Annual,PC_GDP,Percentage of gross domestic product (GDP),S13,General government,GD,Government consolidated gross debt,EL,Greece,2020,,209.4,,,,,
dataflow,ESTAT:TEINA225(1.0),General government gross debt - annual data,A,Annual,PC_GDP,Percentage of gross domestic product (GDP),S13,General government,GD,Government consolidated gross debt,EL,Greece,2021,,197.3,,,,,
dataflow,ESTAT:TEINA225(1.0),General government gross debt - annual data,A,Annual,PC_GDP,Percentage of gross domestic product (GDP),S13,General government,GD,Government consolidated gross debt,EL,Greece,2022,,177.8,,,,,
dataflow,ESTAT:TEINA225(1.0),General government gross debt - annual data,A,Annual,PC_GDP,Percentage of gross domestic product (GDP),S13,General government,GD,Government consolidated gross debt,EL,Greece,2023,,164.3,,,,,
dataflow,ESTAT:TEINA225(1.0),General government gross debt - annual data,A,Annual,PC_GDP,Percentage of gross domestic product (GDP),S13,General government,GD,Government consolidated gross debt,EL,Greece,2024,,154.2,,,,,
dataflow,ESTAT:TEINA225(1.0),General government gross debt - annual data,A,Annual,PC_GDP,Percentage of gross domestic product (GDP),S13,General government,GD,Government consolidated gross debt,EL,Greece,2025,,146.1,,,,,
dataflow,ESTAT:TEINA225(1.0),General government gross debt - annual data,A,Annual,PC_GDP,Percentage of gross domestic product (GDP),S13,General government,GD,Government consolidated gross debt,ES,Spain,2014,,104.4,,,,,
dataflow,ESTAT:TEINA225(1.0),General government gross debt - annual data,A,Annual,PC_GDP,Percentage of gross domestic product (GDP),S13,General government,GD,Government consolidated gross debt,ES,Spain,2015,,102.5,,,,,
dataflow,ESTAT:TEINA225(1.0),General government gross debt - annual data,A,Annual,PC_GDP,Percentage of gross domestic product (GDP),S13,General government,GD,Government consolidated gross debt,ES,Spain,2016,,102.0,,,,,
dataflow,ESTAT:TEINA225(1.0),General government gross debt - annual data,A,Annual,PC_GDP,Percentage of gross domestic product (GDP),S13,General government,GD,Government consolidated gross debt,ES,Spain,2017,,101.2,,,,,
dataflow,ESTAT:TEINA225(1.0),General government gross debt - annual data,A,Annual,PC_GDP,Percentage of gross domestic product (GDP),S13,General government,GD,Government consolidated gross debt,ES,Spain,2018,,99.8,,,,,
dataflow,ESTAT:TEINA225(1.0),General government gross debt - annual data,A,Annual,PC_GDP,Percentage of gross domestic product (GDP),S13,General government,GD,Government consolidated gross debt,ES,Spain,2019,,97.7,,,,,
dataflow,ESTAT:TEINA225(1.0),General government gross debt - annual data,A,Annual,PC_GDP,Percentage of gross domestic product (GDP),S13,General government,GD,Government consolidated gross debt,ES,Spain,2020,,119.3,,,,,
dataflow,ESTAT:TEINA225(1.0),General government gross debt - annual data,A,Annual,PC_GDP,Percentage of gross domestic product (GDP),S13,General government,GD,Government consolidated gross debt,ES,Spain,2021,,115.7,,,,,
dataflow,ESTAT:TEINA225(1.0),General government gross debt - annual data,A,Annual,PC_GDP,Percentage of gross domestic product (GDP),S13,General government,GD,Government consolidated gross debt,ES,Spain,2022,,109.3,,,,,
dataflow,ESTAT:TEINA225(1.0),General government gross debt - annual data,A,Annual,PC_GDP,Percentage of gross domestic product (GDP),S13,General government,GD,Government consolidated gross debt,ES,Spain,2023,,105.2,,,,,
dataflow,ESTAT:TEINA225(1.0),General government gross debt - annual data,A,Annual,PC_GDP,Percentage of gross domestic product (GDP),S13,General government,GD,Government consolidated gross debt,ES,Spain,2024,,101.6,,,,,
dataflow,ESTAT:TEINA225(1.0),General government gross debt - annual data,A,Annual,PC_GDP,Percentage of gross domestic product (GDP),S13,General government,GD,Government consolidated gross debt,ES,Spain,2025,,100.7,,,,,
dataflow,ESTAT:TEINA225(1.0),General government gross debt - annual data,A,Annual,PC_GDP,Percentage of gross domestic product (GDP),S13,General government,GD,Government consolidated gross debt,EU27_2020,European Union - 27 countries (from 2020),2014,,86.9,,,,,
dataflow,ESTAT:TEINA225(1.0),General government gross debt - annual data,A,Annual,PC_GDP,Percentage of gross domestic product (GDP),S13,General government,GD,Government consolidated gross debt,EU27_2020,European Union - 27 countries (from 2020),2015,,85.1,,,,,
dataflow,ESTAT:TEINA225(1.0),General government gross debt - annual data,A,Annual,PC_GDP,Percentage of gross domestic product (GDP),S13,General government,GD,Government consolidated gross debt,EU27_2020,European Union - 27 countries (from 2020),2016,,84.1,,,,,
dataflow,ESTAT:TEINA225(1.0),General government gross debt - annual data,A,Annual,PC_GDP,Percentage of gross domestic product (GDP),S13,General government,GD,Government consolidated gross debt,EU27_2020,European Union - 27 countries (from 2020),2017,,81.5,,,,,
dataflow,ESTAT:TEINA225(1.0),General government gross debt - annual data,A,Annual,PC_GDP,Percentage of gross domestic product (GDP),S13,General government,GD,Government consolidated gross debt,EU27_2020,European Union - 27 countries (from 2020),2018,,79.5,,,,,
dataflow,ESTAT:TEINA225(1.0),General government gross debt - annual data,A,Annual,PC_GDP,Percentage of gross domestic product (GDP),S13,General government,GD,Government consolidated gross debt,EU27_2020,European Union - 27 countries (from 2020),2019,,77.5,,,,,
dataflow,ESTAT:TEINA225(1.0),General government gross debt - annual data,A,Annual,PC_GDP,Percentage of gross domestic product (GDP),S13,General government,GD,Government consolidated gross debt,EU27_2020,European Union - 27 countries (from 2020),2020,,89.5,,,,,
dataflow,ESTAT:TEINA225(1.0),General government gross debt - annual data,A,Annual,PC_GDP,Percentage of gross domestic product (GDP),S13,General government,GD,Government consolidated gross debt,EU27_2020,European Union - 27 countries (from 2020),2021,,86.7,,,,,
dataflow,ESTAT:TEINA225(1.0),General government gross debt - annual data,A,Annual,PC_GDP,Percentage of gross domestic product (GDP),S13,General government,GD,Government consolidated gross debt,EU27_2020,European Union - 27 countries (from 2020),2022,,82.4,,,,,
dataflow,ESTAT:TEINA225(1.0),General government gross debt - annual data,A,Annual,PC_GDP,Percentage of gross domestic product (GDP),S13,General government,GD,Government consolidated gross debt,EU27_2020,European Union - 27 countries (from 2020),2023,,80.5,,,,,
dataflow,ESTAT:TEINA225(1.0),General government gross debt - annual data,A,Annual,PC_GDP,Percentage of gross domestic product (GDP),S13,General government,GD,Government consolidated gross debt,EU27_2020,European Union - 27 countries (from 2020),2024,,80.7,,,,,
dataflow,ESTAT:TEINA225(1.0),General government gross debt - annual data,A,Annual,PC_GDP,Percentage of gross domestic product (GDP),S13,General government,GD,Government consolidated gross debt,EU27_2020,European Union - 27 countries (from 2020),2025,,81.7,,,,,
dataflow,ESTAT:TEINA225(1.0),General government gross debt - annual data,A,Annual,PC_GDP,Percentage of gross domestic product (GDP),S13,General government,GD,Government consolidated gross debt,FI,Finland,2014,,64.8,,,,,
dataflow,ESTAT:TEINA225(1.0),General government gross debt - annual data,A,Annual,PC_GDP,Percentage of gross domestic product (GDP),S13,General government,GD,Government consolidated gross debt,FI,Finland,2015,,68.8,,,,,
dataflow,ESTAT:TEINA225(1.0),General government gross debt - annual data,A,Annual,PC_GDP,Percentage of gross domestic product (GDP),S13,General government,GD,Government consolidated gross debt,FI,Finland,2016,,68.6,,,,,
dataflow,ESTAT:TEINA225(1.0),General government gross debt - annual data,A,Annual,PC_GDP,Percentage of gross domestic product (GDP),S13,General government,GD,Government consolidated gross debt,FI,Finland,2017,,66.6,,,,,
dataflow,ESTAT:TEINA225(1.0),General government gross debt - annual data,A,Annual,PC_GDP,Percentage of gross domestic product (GDP),S13,General government,GD,Government consolidated gross debt,FI,Finland,2018,,65.4,,,,,
dataflow,ESTAT:TEINA225(1.0),General government gross debt - annual data,A,Annual,PC_GDP,Percentage of gross domestic product (GDP),S13,General government,GD,Government consolidated gross debt,FI,Finland,2019,,65.3,,,,,
dataflow,ESTAT:TEINA225(1.0),General government gross debt - annual data,A,Annual,PC_GDP,Percentage of gross domestic product (GDP),S13,General government,GD,Government consolidated gross debt,FI,Finland,2020,,75.3,,,,,
dataflow,ESTAT:TEINA225(1.0),General government gross debt - annual data,A,Annual,PC_GDP,Percentage of gross domestic product (GDP),S13,General government,GD,Government consolidated gross debt,FI,Finland,2021,,73.1,,,,,
dataflow,ESTAT:TEINA225(1.0),General government gross debt - annual data,A,Annual,PC_GDP,Percentage of gross domestic product (GDP),S13,General government,GD,Government consolidated gross debt,FI,Finland,2022,,74.0,,,,,
dataflow,ESTAT:TEINA225(1.0),General government gross debt - annual data,A,Annual,PC_GDP,Percentage of gross domestic product (GDP),S13,General government,GD,Government consolidated gross debt,FI,Finland,2023,,77.0,,,,,
dataflow,ESTAT:TEINA225(1.0),General government gross debt - annual data,A,Annual,PC_GDP,Percentage of gross domestic product (GDP),S13,General government,GD,Government consolidated gross debt,FI,Finland,2024,,82.4,,,,,
dataflow,ESTAT:TEINA225(1.0),General government gross debt - annual data,A,Annual,PC_GDP,Percentage of gross domestic product (GDP),S13,General government,GD,Government consolidated gross debt,FI,Finland,2025,,88.5,,,,,
dataflow,ESTAT:TEINA225(1.0),General government gross debt - annual data,A,Annual,PC_GDP,Percentage of gross domestic product (GDP),S13,General government,GD,Government consolidated gross debt,FR,France,2014,,96.2,,,,,
dataflow,ESTAT:TEINA225(1.0),General government gross debt - annual data,A,Annual,PC_GDP,Percentage of gross domestic product (GDP),S13,General government,GD,Government consolidated gross debt,FR,France,2015,,97.0,,,,,
dataflow,ESTAT:TEINA225(1.0),General government gross debt - annual data,A,Annual,PC_GDP,Percentage of gross domestic product (GDP),S13,General government,GD,Government consolidated gross debt,FR,France,2016,,98.1,,,,,
dataflow,ESTAT:TEINA225(1.0),General government gross debt - annual data,A,Annual,PC_GDP,Percentage of gross domestic product (GDP),S13,General government,GD,Government consolidated gross debt,FR,France,2017,,98.8,,,,,
dataflow,ESTAT:TEINA225(1.0),General government gross debt - annual data,A,Annual,PC_GDP,Percentage of gross domestic product (GDP),S13,General government,GD,Government consolidated gross debt,FR,France,2018,,98.5,,,,,
dataflow,ESTAT:TEINA225(1.0),General government gross debt - annual data,A,Annual,PC_GDP,Percentage of gross domestic product (GDP),S13,General government,GD,Government consolidated gross debt,FR,France,2019,,98.2,,,,,
dataflow,ESTAT:TEINA225(1.0),General government gross debt - annual data,A,Annual,PC_GDP,Percentage of gross domestic product (GDP),S13,General government,GD,Government consolidated gross debt,FR,France,2020,,114.9,,,,,
dataflow,ESTAT:TEINA225(1.0),General government gross debt - annual data,A,Annual,PC_GDP,Percentage of gross domestic product (GDP),S13,General government,GD,Government consolidated gross debt,FR,France,2021,,112.8,,,,,
dataflow,ESTAT:TEINA225(1.0),General government gross debt - annual data,A,Annual,PC_GDP,Percentage of gross domestic product (GDP),S13,General government,GD,Government consolidated gross debt,FR,France,2022,,111.4,,,,,
dataflow,ESTAT:TEINA225(1.0),General government gross debt - annual data,A,Annual,PC_GDP,Percentage of gross domestic product (GDP),S13,General government,GD,Government consolidated gross debt,FR,France,2023,,109.5,,,,,
dataflow,ESTAT:TEINA225(1.0),General government gross debt - annual data,A,Annual,PC_GDP,Percentage of gross domestic product (GDP),S13,General government,GD,Government consolidated gross debt,FR,France,2024,,112.6,,,,,
dataflow,ESTAT:TEINA225(1.0),General government gross debt - annual data,A,Annual,PC_GDP,Percentage of gross domestic product (GDP),S13,General government,GD,Government consolidated gross debt,FR,France,2025,,115.6,,,,,
dataflow,ESTAT:TEINA225(1.0),General government gross debt - annual data,A,Annual,PC_GDP,Percentage of gross domestic product (GDP),S13,General government,GD,Government consolidated gross debt,HR,Croatia,2014,,83.2,,,,,
dataflow,ESTAT:TEINA225(1.0),General government gross debt - annual data,A,Annual,PC_GDP,Percentage of gross domestic product (GDP),S13,General government,GD,Government consolidated gross debt,HR,Croatia,2015,,82.8,,,,,
dataflow,ESTAT:TEINA225(1.0),General government gross debt - annual data,A,Annual,PC_GDP,Percentage of gross domestic product (GDP),S13,General government,GD,Government consolidated gross debt,HR,Croatia,2016,,79.3,,,,,
dataflow,ESTAT:TEINA225(1.0),General government gross debt - annual data,A,Annual,PC_GDP,Percentage of gross domestic product (GDP),S13,General government,GD,Government consolidated gross debt,HR,Croatia,2017,,76.2,,,,,
dataflow,ESTAT:TEINA225(1.0),General government gross debt - annual data,A,Annual,PC_GDP,Percentage of gross domestic product (GDP),S13,General government,GD,Government consolidated gross debt,HR,Croatia,2018,,72.8,,,,,
dataflow,ESTAT:TEINA225(1.0),General government gross debt - annual data,A,Annual,PC_GDP,Percentage of gross domestic product (GDP),S13,General government,GD,Government consolidated gross debt,HR,Croatia,2019,,70.9,,,,,
dataflow,ESTAT:TEINA225(1.0),General government gross debt - annual data,A,Annual,PC_GDP,Percentage of gross domestic product (GDP),S13,General government,GD,Government consolidated gross debt,HR,Croatia,2020,,86.5,,,,,
dataflow,ESTAT:TEINA225(1.0),General government gross debt - annual data,A,Annual,PC_GDP,Percentage of gross domestic product (GDP),S13,General government,GD,Government consolidated gross debt,HR,Croatia,2021,,78.2,,,,,
dataflow,ESTAT:TEINA225(1.0),General government gross debt - annual data,A,Annual,PC_GDP,Percentage of gross domestic product (GDP),S13,General government,GD,Government consolidated gross debt,HR,Croatia,2022,,68.5,,,,,
dataflow,ESTAT:TEINA225(1.0),General government gross debt - annual data,A,Annual,PC_GDP,Percentage of gross domestic product (GDP),S13,General government,GD,Government consolidated gross debt,HR,Croatia,2023,,60.9,,,,,
dataflow,ESTAT:TEINA225(1.0),General government gross debt - annual data,A,Annual,PC_GDP,Percentage of gross domestic product (GDP),S13,General government,GD,Government consolidated gross debt,HR,Croatia,2024,,57.4,,,,,
dataflow,ESTAT:TEINA225(1.0),General government gross debt - annual data,A,Annual,PC_GDP,Percentage of gross domestic product (GDP),S13,General government,GD,Government consolidated gross debt,HR,Croatia,2025,,56.3,,,,,
dataflow,ESTAT:TEINA225(1.0),General government gross debt - annual data,A,Annual,PC_GDP,Percentage of gross domestic product (GDP),S13,General government,GD,Government consolidated gross debt,HU,Hungary,2014,,76.5,,,,,
dataflow,ESTAT:TEINA225(1.0),General government gross debt - annual data,A,Annual,PC_GDP,Percentage of gross domestic product (GDP),S13,General government,GD,Government consolidated gross debt,HU,Hungary,2015,,75.7,,,,,
dataflow,ESTAT:TEINA225(1.0),General government gross debt - annual data,A,Annual,PC_GDP,Percentage of gross domestic product (GDP),S13,General government,GD,Government consolidated gross debt,HU,Hungary,2016,,74.6,,,,,
dataflow,ESTAT:TEINA225(1.0),General government gross debt - annual data,A,Annual,PC_GDP,Percentage of gross domestic product (GDP),S13,General government,GD,Government consolidated gross debt,HU,Hungary,2017,,72.0,,,,,
dataflow,ESTAT:TEINA225(1.0),General government gross debt - annual data,A,Annual,PC_GDP,Percentage of gross domestic product (GDP),S13,General government,GD,Government consolidated gross debt,HU,Hungary,2018,,68.8,,,,,
dataflow,ESTAT:TEINA225(1.0),General government gross debt - annual data,A,Annual,PC_GDP,Percentage of gross domestic product (GDP),S13,General government,GD,Government consolidated gross debt,HU,Hungary,2019,,65.0,,,,,
dataflow,ESTAT:TEINA225(1.0),General government gross debt - annual data,A,Annual,PC_GDP,Percentage of gross domestic product (GDP),S13,General government,GD,Government consolidated gross debt,HU,Hungary,2020,,78.7,,,,,
dataflow,ESTAT:TEINA225(1.0),General government gross debt - annual data,A,Annual,PC_GDP,Percentage of gross domestic product (GDP),S13,General government,GD,Government consolidated gross debt,HU,Hungary,2021,,76.2,,,,,
dataflow,ESTAT:TEINA225(1.0),General government gross debt - annual data,A,Annual,PC_GDP,Percentage of gross domestic product (GDP),S13,General government,GD,Government consolidated gross debt,HU,Hungary,2022,,74.1,,,,,
dataflow,ESTAT:TEINA225(1.0),General government gross debt - annual data,A,Annual,PC_GDP,Percentage of gross domestic product (GDP),S13,General government,GD,Government consolidated gross debt,HU,Hungary,2023,,73.3,,,,,
dataflow,ESTAT:TEINA225(1.0),General government gross debt - annual data,A,Annual,PC_GDP,Percentage of gross domestic product (GDP),S13,General government,GD,Government consolidated gross debt,HU,Hungary,2024,,73.5,,,,,
dataflow,ESTAT:TEINA225(1.0),General government gross debt - annual data,A,Annual,PC_GDP,Percentage of gross domestic product (GDP),S13,General government,GD,Government consolidated gross debt,HU,Hungary,2025,,74.6,,,,,
dataflow,ESTAT:TEINA225(1.0),General government gross debt - annual data,A,Annual,PC_GDP,Percentage of gross domestic product (GDP),S13,General government,GD,Government consolidated gross debt,IE,Ireland,2014,,101.4,,,,,
dataflow,ESTAT:TEINA225(1.0),General government gross debt - annual data,A,Annual,PC_GDP,Percentage of gross domestic product (GDP),S13,General government,GD,Government consolidated gross debt,IE,Ireland,2015,,74.0,,,,,
dataflow,ESTAT:TEINA225(1.0),General government gross debt - annual data,A,Annual,PC_GDP,Percentage of gross domestic product (GDP),S13,General government,GD,Government consolidated gross debt,IE,Ireland,2016,,72.7,,,,,
dataflow,ESTAT:TEINA225(1.0),General government gross debt - annual data,A,Annual,PC_GDP,Percentage of gross domestic product (GDP),S13,General government,GD,Government consolidated gross debt,IE,Ireland,2017,,65.2,,,,,
dataflow,ESTAT:TEINA225(1.0),General government gross debt - annual data,A,Annual,PC_GDP,Percentage of gross domestic product (GDP),S13,General government,GD,Government consolidated gross debt,IE,Ireland,2018,,61.3,,,,,
dataflow,ESTAT:TEINA225(1.0),General government gross debt - annual data,A,Annual,PC_GDP,Percentage of gross domestic product (GDP),S13,General government,GD,Government consolidated gross debt,IE,Ireland,2019,,55.8,,,,,
dataflow,ESTAT:TEINA225(1.0),General government gross debt - annual data,A,Annual,PC_GDP,Percentage of gross domestic product (GDP),S13,General government,GD,Government consolidated gross debt,IE,Ireland,2020,,56.9,,,,,
dataflow,ESTAT:TEINA225(1.0),General government gross debt - annual data,A,Annual,PC_GDP,Percentage of gross domestic product (GDP),S13,General government,GD,Government consolidated gross debt,IE,Ireland,2021,,52.4,,,,,
dataflow,ESTAT:TEINA225(1.0),General government gross debt - annual data,A,Annual,PC_GDP,Percentage of gross domestic product (GDP),S13,General government,GD,Government consolidated gross debt,IE,Ireland,2022,,43.0,,,,,
dataflow,ESTAT:TEINA225(1.0),General government gross debt - annual data,A,Annual,PC_GDP,Percentage of gross domestic product (GDP),S13,General government,GD,Government consolidated gross debt,IE,Ireland,2023,,41.8,,,,,
dataflow,ESTAT:TEINA225(1.0),General government gross debt - annual data,A,Annual,PC_GDP,Percentage of gross domestic product (GDP),S13,General government,GD,Government consolidated gross debt,IE,Ireland,2024,,38.3,,,,,
dataflow,ESTAT:TEINA225(1.0),General government gross debt - annual data,A,Annual,PC_GDP,Percentage of gross domestic product (GDP),S13,General government,GD,Government consolidated gross debt,IE,Ireland,2025,,32.9,,,,,
dataflow,ESTAT:TEINA225(1.0),General government gross debt - annual data,A,Annual,PC_GDP,Percentage of gross domestic product (GDP),S13,General government,GD,Government consolidated gross debt,IT,Italy,2014,,134.8,,,,,
dataflow,ESTAT:TEINA225(1.0),General government gross debt - annual data,A,Annual,PC_GDP,Percentage of gross domestic product (GDP),S13,General government,GD,Government consolidated gross debt,IT,Italy,2015,,134.8,,,,,
dataflow,ESTAT:TEINA225(1.0),General government gross debt - annual data,A,Annual,PC_GDP,Percentage of gross domestic product (GDP),S13,General government,GD,Government consolidated gross debt,IT,Italy,2016,,134.2,,,,,
dataflow,ESTAT:TEINA225(1.0),General government gross debt - annual data,A,Annual,PC_GDP,Percentage of gross domestic product (GDP),S13,General government,GD,Government consolidated gross debt,IT,Italy,2017,,133.7,,,,,
dataflow,ESTAT:TEINA225(1.0),General government gross debt - annual data,A,Annual,PC_GDP,Percentage of gross domestic product (GDP),S13,General government,GD,Government consolidated gross debt,IT,Italy,2018,,134.2,,,,,
dataflow,ESTAT:TEINA225(1.0),General government gross debt - annual data,A,Annual,PC_GDP,Percentage of gross domestic product (GDP),S13,General government,GD,Government consolidated gross debt,IT,Italy,2019,,133.9,,,,,
dataflow,ESTAT:TEINA225(1.0),General government gross debt - annual data,A,Annual,PC_GDP,Percentage of gross domestic product (GDP),S13,General government,GD,Government consolidated gross debt,IT,Italy,2020,,154.4,,,,,
dataflow,ESTAT:TEINA225(1.0),General government gross debt - annual data,A,Annual,PC_GDP,Percentage of gross domestic product (GDP),S13,General government,GD,Government consolidated gross debt,IT,Italy,2021,,145.8,,,,,
dataflow,ESTAT:TEINA225(1.0),General government gross debt - annual data,A,Annual,PC_GDP,Percentage of gross domestic product (GDP),S13,General government,GD,Government consolidated gross debt,IT,Italy,2022,,138.4,,,,,
dataflow,ESTAT:TEINA225(1.0),General government gross debt - annual data,A,Annual,PC_GDP,Percentage of gross domestic product (GDP),S13,General government,GD,Government consolidated gross debt,IT,Italy,2023,,133.9,,,,,
dataflow,ESTAT:TEINA225(1.0),General government gross debt - annual data,A,Annual,PC_GDP,Percentage of gross domestic product (GDP),S13,General government,GD,Government consolidated gross debt,IT,Italy,2024,,134.7,,,,,
dataflow,ESTAT:TEINA225(1.0),General government gross debt - annual data,A,Annual,PC_GDP,Percentage of gross domestic product (GDP),S13,General government,GD,Government consolidated gross debt,IT,Italy,2025,,137.1,,,,,
dataflow,ESTAT:TEINA225(1.0),General government gross debt - annual data,A,Annual,PC_GDP,Percentage of gross domestic product (GDP),S13,General government,GD,Government consolidated gross debt,LT,Lithuania,2014,,40.7,,,,,
dataflow,ESTAT:TEINA225(1.0),General government gross debt - annual data,A,Annual,PC_GDP,Percentage of gross domestic product (GDP),S13,General government,GD,Government consolidated gross debt,LT,Lithuania,2015,,42.4,,,,,
dataflow,ESTAT:TEINA225(1.0),General government gross debt - annual data,A,Annual,PC_GDP,Percentage of gross domestic product (GDP),S13,General government,GD,Government consolidated gross debt,LT,Lithuania,2016,,39.8,,,,,
dataflow,ESTAT:TEINA225(1.0),General government gross debt - annual data,A,Annual,PC_GDP,Percentage of gross domestic product (GDP),S13,General government,GD,Government consolidated gross debt,LT,Lithuania,2017,,39.1,,,,,
dataflow,ESTAT:TEINA225(1.0),General government gross debt - annual data,A,Annual,PC_GDP,Percentage of gross domestic product (GDP),S13,General government,GD,Government consolidated gross debt,LT,Lithuania,2018,,33.3,,,,,
dataflow,ESTAT:TEINA225(1.0),General government gross debt - annual data,A,Annual,PC_GDP,Percentage of gross domestic product (GDP),S13,General government,GD,Government consolidated gross debt,LT,Lithuania,2019,,35.6,,,,,
dataflow,ESTAT:TEINA225(1.0),General government gross debt - annual data,A,Annual,PC_GDP,Percentage of gross domestic product (GDP),S13,General government,GD,Government consolidated gross debt,LT,Lithuania,2020,,45.9,,,,,
dataflow,ESTAT:TEINA225(1.0),General government gross debt - annual data,A,Annual,PC_GDP,Percentage of gross domestic product (GDP),S13,General government,GD,Government consolidated gross debt,LT,Lithuania,2021,,43.3,,,,,
dataflow,ESTAT:TEINA225(1.0),General government gross debt - annual data,A,Annual,PC_GDP,Percentage of gross domestic product (GDP),S13,General government,GD,Government consolidated gross debt,LT,Lithuania,2022,,38.3,,,,,
dataflow,ESTAT:TEINA225(1.0),General government gross debt - annual data,A,Annual,PC_GDP,Percentage of gross domestic product (GDP),S13,General government,GD,Government consolidated gross debt,LT,Lithuania,2023,,37.1,,,,,
dataflow,ESTAT:TEINA225(1.0),General government gross debt - annual data,A,Annual,PC_GDP,Percentage of gross domestic product (GDP),S13,General government,GD,Government consolidated gross debt,LT,Lithuania,2024,,38.0,,,,,
dataflow,ESTAT:TEINA225(1.0),General government gross debt - annual data,A,Annual,PC_GDP,Percentage of gross domestic product (GDP),S13,General government,GD,Government consolidated gross debt,LT,Lithuania,2025,,39.5,,,,,
dataflow,ESTAT:TEINA225(1.0),General government gross debt - annual data,A,Annual,PC_GDP,Percentage of gross domestic product (GDP),S13,General government,GD,Government consolidated gross debt,LU,Luxembourg,2014,,21.9,,,,,
dataflow,ESTAT:TEINA225(1.0),General government gross debt - annual data,A,Annual,PC_GDP,Percentage of gross domestic product (GDP),S13,General government,GD,Government consolidated gross debt,LU,Luxembourg,2015,,21.1,,,,,
dataflow,ESTAT:TEINA225(1.0),General government gross debt - annual data,A,Annual,PC_GDP,Percentage of gross domestic product (GDP),S13,General government,GD,Government consolidated gross debt,LU,Luxembourg,2016,,19.6,,,,,
dataflow,ESTAT:TEINA225(1.0),General government gross debt - annual data,A,Annual,PC_GDP,Percentage of gross domestic product (GDP),S13,General government,GD,Government consolidated gross debt,LU,Luxembourg,2017,,21.8,,,,,
dataflow,ESTAT:TEINA225(1.0),General government gross debt - annual data,A,Annual,PC_GDP,Percentage of gross domestic product (GDP),S13,General government,GD,Government consolidated gross debt,LU,Luxembourg,2018,,20.9,,,,,
dataflow,ESTAT:TEINA225(1.0),General government gross debt - annual data,A,Annual,PC_GDP,Percentage of gross domestic product (GDP),S13,General government,GD,Government consolidated gross debt,LU,Luxembourg,2019,,22.3,,,,,
dataflow,ESTAT:TEINA225(1.0),General government gross debt - annual data,A,Annual,PC_GDP,Percentage of gross domestic product (GDP),S13,General government,GD,Government consolidated gross debt,LU,Luxembourg,2020,,24.5,,,,,
dataflow,ESTAT:TEINA225(1.0),General government gross debt - annual data,A,Annual,PC_GDP,Percentage of gross domestic product (GDP),S13,General government,GD,Government consolidated gross debt,LU,Luxembourg,2021,,24.2,,,,,
dataflow,ESTAT:TEINA225(1.0),General government gross debt - annual data,A,Annual,PC_GDP,Percentage of gross domestic product (GDP),S13,General government,GD,Government consolidated gross debt,LU,Luxembourg,2022,,24.9,,,,,
dataflow,ESTAT:TEINA225(1.0),General government gross debt - annual data,A,Annual,PC_GDP,Percentage of gross domestic product (GDP),S13,General government,GD,Government consolidated gross debt,LU,Luxembourg,2023,,24.7,,,,,
dataflow,ESTAT:TEINA225(1.0),General government gross debt - annual data,A,Annual,PC_GDP,Percentage of gross domestic product (GDP),S13,General government,GD,Government consolidated gross debt,LU,Luxembourg,2024,,26.3,,,,,
dataflow,ESTAT:TEINA225(1.0),General government gross debt - annual data,A,Annual,PC_GDP,Percentage of gross domestic product (GDP),S13,General government,GD,Government consolidated gross debt,LU,Luxembourg,2025,,26.5,,,,,
dataflow,ESTAT:TEINA225(1.0),General government gross debt - annual data,A,Annual,PC_GDP,Percentage of gross domestic product (GDP),S13,General government,GD,Government consolidated gross debt,LV,Latvia,2014,,43.1,,,,,
dataflow,ESTAT:TEINA225(1.0),General government gross debt - annual data,A,Annual,PC_GDP,Percentage of gross domestic product (GDP),S13,General government,GD,Government consolidated gross debt,LV,Latvia,2015,,38.3,,,,,
dataflow,ESTAT:TEINA225(1.0),General government gross debt - annual data,A,Annual,PC_GDP,Percentage of gross domestic product (GDP),S13,General government,GD,Government consolidated gross debt,LV,Latvia,2016,,41.7,,,,,
dataflow,ESTAT:TEINA225(1.0),General government gross debt - annual data,A,Annual,PC_GDP,Percentage of gross domestic product (GDP),S13,General government,GD,Government consolidated gross debt,LV,Latvia,2017,,40.3,,,,,
dataflow,ESTAT:TEINA225(1.0),General government gross debt - annual data,A,Annual,PC_GDP,Percentage of gross domestic product (GDP),S13,General government,GD,Government consolidated gross debt,LV,Latvia,2018,,38.3,,,,,
dataflow,ESTAT:TEINA225(1.0),General government gross debt - annual data,A,Annual,PC_GDP,Percentage of gross domestic product (GDP),S13,General government,GD,Government consolidated gross debt,LV,Latvia,2019,,37.9,,,,,
dataflow,ESTAT:TEINA225(1.0),General government gross debt - annual data,A,Annual,PC_GDP,Percentage of gross domestic product (GDP),S13,General government,GD,Government consolidated gross debt,LV,Latvia,2020,,44.0,,,,,
dataflow,ESTAT:TEINA225(1.0),General government gross debt - annual data,A,Annual,PC_GDP,Percentage of gross domestic product (GDP),S13,General government,GD,Government consolidated gross debt,LV,Latvia,2021,,45.9,,,,,
dataflow,ESTAT:TEINA225(1.0),General government gross debt - annual data,A,Annual,PC_GDP,Percentage of gross domestic product (GDP),S13,General government,GD,Government consolidated gross debt,LV,Latvia,2022,,44.4,,,,,
dataflow,ESTAT:TEINA225(1.0),General government gross debt - annual data,A,Annual,PC_GDP,Percentage of gross domestic product (GDP),S13,General government,GD,Government consolidated gross debt,LV,Latvia,2023,,44.4,,,,,
dataflow,ESTAT:TEINA225(1.0),General government gross debt - annual data,A,Annual,PC_GDP,Percentage of gross domestic product (GDP),S13,General government,GD,Government consolidated gross debt,LV,Latvia,2024,,46.2,,,,,
dataflow,ESTAT:TEINA225(1.0),General government gross debt - annual data,A,Annual,PC_GDP,Percentage of gross domestic product (GDP),S13,General government,GD,Government consolidated gross debt,LV,Latvia,2025,,46.9,,,,,
dataflow,ESTAT:TEINA225(1.0),General government gross debt - annual data,A,Annual,PC_GDP,Percentage of gross domestic product (GDP),S13,General government,GD,Government consolidated gross debt,MT,Malta,2014,,60.7,,,,,
dataflow,ESTAT:TEINA225(1.0),General government gross debt - annual data,A,Annual,PC_GDP,Percentage of gross domestic product (GDP),S13,General government,GD,Government consolidated gross debt,MT,Malta,2015,,55.0,,,,,
dataflow,ESTAT:TEINA225(1.0),General government gross debt - annual data,A,Annual,PC_GDP,Percentage of gross domestic product (GDP),S13,General government,GD,Government consolidated gross debt,MT,Malta,2016,,53.1,,,,,
dataflow,ESTAT:TEINA225(1.0),General government gross debt - annual data,A,Annual,PC_GDP,Percentage of gross domestic product (GDP),S13,General government,GD,Government consolidated gross debt,MT,Malta,2017,,45.6,,,,,
dataflow,ESTAT:TEINA225(1.0),General government gross debt - annual data,A,Annual,PC_GDP,Percentage of gross domestic product (GDP),S13,General government,GD,Government consolidated gross debt,MT,Malta,2018,,41.4,,,,,
dataflow,ESTAT:TEINA225(1.0),General government gross debt - annual data,A,Annual,PC_GDP,Percentage of gross domestic product (GDP),S13,General government,GD,Government consolidated gross debt,MT,Malta,2019,,39.2,,,,,
dataflow,ESTAT:TEINA225(1.0),General government gross debt - annual data,A,Annual,PC_GDP,Percentage of gross domestic product (GDP),S13,General government,GD,Government consolidated gross debt,MT,Malta,2020,,48.8,,,,,
dataflow,ESTAT:TEINA225(1.0),General government gross debt - annual data,A,Annual,PC_GDP,Percentage of gross domestic product (GDP),S13,General government,GD,Government consolidated gross debt,MT,Malta,2021,,49.7,,,,,
dataflow,ESTAT:TEINA225(1.0),General government gross debt - annual data,A,Annual,PC_GDP,Percentage of gross domestic product (GDP),S13,General government,GD,Government consolidated gross debt,MT,Malta,2022,,50.3,,,,,
dataflow,ESTAT:TEINA225(1.0),General government gross debt - annual data,A,Annual,PC_GDP,Percentage of gross domestic product (GDP),S13,General government,GD,Government consolidated gross debt,MT,Malta,2023,,46.9,,,,,
dataflow,ESTAT:TEINA225(1.0),General government gross debt - annual data,A,Annual,PC_GDP,Percentage of gross domestic product (GDP),S13,General government,GD,Government consolidated gross debt,MT,Malta,2024,,45.9,,,,,
dataflow,ESTAT:TEINA225(1.0),General government gross debt - annual data,A,Annual,PC_GDP,Percentage of gross domestic product (GDP),S13,General government,GD,Government consolidated gross debt,MT,Malta,2025,,46.4,,,,,
dataflow,ESTAT:TEINA225(1.0),General government gross debt - annual data,A,Annual,PC_GDP,Percentage of gross domestic product (GDP),S13,General government,GD,Government consolidated gross debt,NL,Netherlands,2014,,67.2,,,,,
dataflow,ESTAT:TEINA225(1.0),General government gross debt - annual data,A,Annual,PC_GDP,Percentage of gross domestic product (GDP),S13,General government,GD,Government consolidated gross debt,NL,Netherlands,2015,,63.8,,,,,
dataflow,ESTAT:TEINA225(1.0),General government gross debt - annual data,A,Annual,PC_GDP,Percentage of gross domestic product (GDP),S13,General government,GD,Government consolidated gross debt,NL,Netherlands,2016,,60.9,,,,,
dataflow,ESTAT:TEINA225(1.0),General government gross debt - annual data,A,Annual,PC_GDP,Percentage of gross domestic product (GDP),S13,General government,GD,Government consolidated gross debt,NL,Netherlands,2017,,56.0,,,,,
dataflow,ESTAT:TEINA225(1.0),General government gross debt - annual data,A,Annual,PC_GDP,Percentage of gross domestic product (GDP),S13,General government,GD,Government consolidated gross debt,NL,Netherlands,2018,,51.6,,,,,
dataflow,ESTAT:TEINA225(1.0),General government gross debt - annual data,A,Annual,PC_GDP,Percentage of gross domestic product (GDP),S13,General government,GD,Government consolidated gross debt,NL,Netherlands,2019,,47.7,,,,,
dataflow,ESTAT:TEINA225(1.0),General government gross debt - annual data,A,Annual,PC_GDP,Percentage of gross domestic product (GDP),S13,General government,GD,Government consolidated gross debt,NL,Netherlands,2020,,53.4,,,,,
dataflow,ESTAT:TEINA225(1.0),General government gross debt - annual data,A,Annual,PC_GDP,Percentage of gross domestic product (GDP),S13,General government,GD,Government consolidated gross debt,NL,Netherlands,2021,,50.5,,,,,
dataflow,ESTAT:TEINA225(1.0),General government gross debt - annual data,A,Annual,PC_GDP,Percentage of gross domestic product (GDP),S13,General government,GD,Government consolidated gross debt,NL,Netherlands,2022,,48.4,,,,,
dataflow,ESTAT:TEINA225(1.0),General government gross debt - annual data,A,Annual,PC_GDP,Percentage of gross domestic product (GDP),S13,General government,GD,Government consolidated gross debt,NL,Netherlands,2023,,45.8,,,,,
dataflow,ESTAT:TEINA225(1.0),General government gross debt - annual data,A,Annual,PC_GDP,Percentage of gross domestic product (GDP),S13,General government,GD,Government consolidated gross debt,NL,Netherlands,2024,,43.8,,,,,
dataflow,ESTAT:TEINA225(1.0),General government gross debt - annual data,A,Annual,PC_GDP,Percentage of gross domestic product (GDP),S13,General government,GD,Government consolidated gross debt,NL,Netherlands,2025,,44.4,,,,,
dataflow,ESTAT:TEINA225(1.0),General government gross debt - annual data,A,Annual,PC_GDP,Percentage of gross domestic product (GDP),S13,General government,GD,Government consolidated gross debt,PL,Poland,2014,,51.1,,,,,
dataflow,ESTAT:TEINA225(1.0),General government gross debt - annual data,A,Annual,PC_GDP,Percentage of gross domestic product (GDP),S13,General government,GD,Government consolidated gross debt,PL,Poland,2015,,51.1,,,,,
dataflow,ESTAT:TEINA225(1.0),General government gross debt - annual data,A,Annual,PC_GDP,Percentage of gross domestic product (GDP),S13,General government,GD,Government consolidated gross debt,PL,Poland,2016,,54.1,,,,,
dataflow,ESTAT:TEINA225(1.0),General government gross debt - annual data,A,Annual,PC_GDP,Percentage of gross domestic product (GDP),S13,General government,GD,Government consolidated gross debt,PL,Poland,2017,,50.4,,,,,
dataflow,ESTAT:TEINA225(1.0),General government gross debt - annual data,A,Annual,PC_GDP,Percentage of gross domestic product (GDP),S13,General government,GD,Government consolidated gross debt,PL,Poland,2018,,48.2,,,,,
dataflow,ESTAT:TEINA225(1.0),General government gross debt - annual data,A,Annual,PC_GDP,Percentage of gross domestic product (GDP),S13,General government,GD,Government consolidated gross debt,PL,Poland,2019,,45.2,,,,,
dataflow,ESTAT:TEINA225(1.0),General government gross debt - annual data,A,Annual,PC_GDP,Percentage of gross domestic product (GDP),S13,General government,GD,Government consolidated gross debt,PL,Poland,2020,,56.6,,,,,
dataflow,ESTAT:TEINA225(1.0),General government gross debt - annual data,A,Annual,PC_GDP,Percentage of gross domestic product (GDP),S13,General government,GD,Government consolidated gross debt,PL,Poland,2021,,53.0,,,,,
dataflow,ESTAT:TEINA225(1.0),General government gross debt - annual data,A,Annual,PC_GDP,Percentage of gross domestic product (GDP),S13,General government,GD,Government consolidated gross debt,PL,Poland,2022,,48.8,,,,,
dataflow,ESTAT:TEINA225(1.0),General government gross debt - annual data,A,Annual,PC_GDP,Percentage of gross domestic product (GDP),S13,General government,GD,Government consolidated gross debt,PL,Poland,2023,,49.5,,,,,
dataflow,ESTAT:TEINA225(1.0),General government gross debt - annual data,A,Annual,PC_GDP,Percentage of gross domestic product (GDP),S13,General government,GD,Government consolidated gross debt,PL,Poland,2024,,54.8,,,,,
dataflow,ESTAT:TEINA225(1.0),General government gross debt - annual data,A,Annual,PC_GDP,Percentage of gross domestic product (GDP),S13,General government,GD,Government consolidated gross debt,PL,Poland,2025,,59.7,,,,,
dataflow,ESTAT:TEINA225(1.0),General government gross debt - annual data,A,Annual,PC_GDP,Percentage of gross domestic product (GDP),S13,General government,GD,Government consolidated gross debt,PT,Portugal,2014,,132.5,,,,,
dataflow,ESTAT:TEINA225(1.0),General government gross debt - annual data,A,Annual,PC_GDP,Percentage of gross domestic product (GDP),S13,General government,GD,Government consolidated gross debt,PT,Portugal,2015,,131.0,,,,,
dataflow,ESTAT:TEINA225(1.0),General government gross debt - annual data,A,Annual,PC_GDP,Percentage of gross domestic product (GDP),S13,General government,GD,Government consolidated gross debt,PT,Portugal,2016,,131.2,,,,,
dataflow,ESTAT:TEINA225(1.0),General government gross debt - annual data,A,Annual,PC_GDP,Percentage of gross domestic product (GDP),S13,General government,GD,Government consolidated gross debt,PT,Portugal,2017,,126.0,,,,,
dataflow,ESTAT:TEINA225(1.0),General government gross debt - annual data,A,Annual,PC_GDP,Percentage of gross domestic product (GDP),S13,General government,GD,Government consolidated gross debt,PT,Portugal,2018,,121.1,,,,,
dataflow,ESTAT:TEINA225(1.0),General government gross debt - annual data,A,Annual,PC_GDP,Percentage of gross domestic product (GDP),S13,General government,GD,Government consolidated gross debt,PT,Portugal,2019,,116.1,,,,,
dataflow,ESTAT:TEINA225(1.0),General government gross debt - annual data,A,Annual,PC_GDP,Percentage of gross domestic product (GDP),S13,General government,GD,Government consolidated gross debt,PT,Portugal,2020,,134.1,,,,,
dataflow,ESTAT:TEINA225(1.0),General government gross debt - annual data,A,Annual,PC_GDP,Percentage of gross domestic product (GDP),S13,General government,GD,Government consolidated gross debt,PT,Portugal,2021,,123.9,,,,,
dataflow,ESTAT:TEINA225(1.0),General government gross debt - annual data,A,Annual,PC_GDP,Percentage of gross domestic product (GDP),S13,General government,GD,Government consolidated gross debt,PT,Portugal,2022,,111.2,,,,,
dataflow,ESTAT:TEINA225(1.0),General government gross debt - annual data,A,Annual,PC_GDP,Percentage of gross domestic product (GDP),S13,General government,GD,Government consolidated gross debt,PT,Portugal,2023,,96.9,,,,,
dataflow,ESTAT:TEINA225(1.0),General government gross debt - annual data,A,Annual,PC_GDP,Percentage of gross domestic product (GDP),S13,General government,GD,Government consolidated gross debt,PT,Portugal,2024,,93.5,,,,,
dataflow,ESTAT:TEINA225(1.0),General government gross debt - annual data,A,Annual,PC_GDP,Percentage of gross domestic product (GDP),S13,General government,GD,Government consolidated gross debt,PT,Portugal,2025,,89.7,,,,,
dataflow,ESTAT:TEINA225(1.0),General government gross debt - annual data,A,Annual,PC_GDP,Percentage of gross domestic product (GDP),S13,General government,GD,Government consolidated gross debt,RO,Romania,2014,,39.1,,,,,
dataflow,ESTAT:TEINA225(1.0),General government gross debt - annual data,A,Annual,PC_GDP,Percentage of gross domestic product (GDP),S13,General government,GD,Government consolidated gross debt,RO,Romania,2015,,37.7,,,,,
dataflow,ESTAT:TEINA225(1.0),General government gross debt - annual data,A,Annual,PC_GDP,Percentage of gross domestic product (GDP),S13,General government,GD,Government consolidated gross debt,RO,Romania,2016,,37.8,,,,,
dataflow,ESTAT:TEINA225(1.0),General government gross debt - annual data,A,Annual,PC_GDP,Percentage of gross domestic product (GDP),S13,General government,GD,Government consolidated gross debt,RO,Romania,2017,,35.3,,,,,
dataflow,ESTAT:TEINA225(1.0),General government gross debt - annual data,A,Annual,PC_GDP,Percentage of gross domestic product (GDP),S13,General government,GD,Government consolidated gross debt,RO,Romania,2018,,34.6,,,,,
dataflow,ESTAT:TEINA225(1.0),General government gross debt - annual data,A,Annual,PC_GDP,Percentage of gross domestic product (GDP),S13,General government,GD,Government consolidated gross debt,RO,Romania,2019,,35.2,,,,,
dataflow,ESTAT:TEINA225(1.0),General government gross debt - annual data,A,Annual,PC_GDP,Percentage of gross domestic product (GDP),S13,General government,GD,Government consolidated gross debt,RO,Romania,2020,,46.9,,,,,
dataflow,ESTAT:TEINA225(1.0),General government gross debt - annual data,A,Annual,PC_GDP,Percentage of gross domestic product (GDP),S13,General government,GD,Government consolidated gross debt,RO,Romania,2021,,48.6,,,,,
dataflow,ESTAT:TEINA225(1.0),General government gross debt - annual data,A,Annual,PC_GDP,Percentage of gross domestic product (GDP),S13,General government,GD,Government consolidated gross debt,RO,Romania,2022,,48.1,,,,,
dataflow,ESTAT:TEINA225(1.0),General government gross debt - annual data,A,Annual,PC_GDP,Percentage of gross domestic product (GDP),S13,General government,GD,Government consolidated gross debt,RO,Romania,2023,,49.3,,,,,
dataflow,ESTAT:TEINA225(1.0),General government gross debt - annual data,A,Annual,PC_GDP,Percentage of gross domestic product (GDP),S13,General government,GD,Government consolidated gross debt,RO,Romania,2024,,54.8,,,,,
dataflow,ESTAT:TEINA225(1.0),General government gross debt - annual data,A,Annual,PC_GDP,Percentage of gross domestic product (GDP),S13,General government,GD,Government consolidated gross debt,RO,Romania,2025,,59.3,,,,,
dataflow,ESTAT:TEINA225(1.0),General government gross debt - annual data,A,Annual,PC_GDP,Percentage of gross domestic product (GDP),S13,General government,GD,Government consolidated gross debt,SE,Sweden,2014,,46.1,,,,,
dataflow,ESTAT:TEINA225(1.0),General government gross debt - annual data,A,Annual,PC_GDP,Percentage of gross domestic product (GDP),S13,General government,GD,Government consolidated gross debt,SE,Sweden,2015,,44.8,,,,,
dataflow,ESTAT:TEINA225(1.0),General government gross debt - annual data,A,Annual,PC_GDP,Percentage of gross domestic product (GDP),S13,General government,GD,Government consolidated gross debt,SE,Sweden,2016,,43.2,,,,,
dataflow,ESTAT:TEINA225(1.0),General government gross debt - annual data,A,Annual,PC_GDP,Percentage of gross domestic product (GDP),S13,General government,GD,Government consolidated gross debt,SE,Sweden,2017,,41.9,,,,,
dataflow,ESTAT:TEINA225(1.0),General government gross debt - annual data,A,Annual,PC_GDP,Percentage of gross domestic product (GDP),S13,General government,GD,Government consolidated gross debt,SE,Sweden,2018,,40.2,,,,,
dataflow,ESTAT:TEINA225(1.0),General government gross debt - annual data,A,Annual,PC_GDP,Percentage of gross domestic product (GDP),S13,General government,GD,Government consolidated gross debt,SE,Sweden,2019,,36.0,,,,,
dataflow,ESTAT:TEINA225(1.0),General government gross debt - annual data,A,Annual,PC_GDP,Percentage of gross domestic product (GDP),S13,General government,GD,Government consolidated gross debt,SE,Sweden,2020,,40.5,,,,,
dataflow,ESTAT:TEINA225(1.0),General government gross debt - annual data,A,Annual,PC_GDP,Percentage of gross domestic product (GDP),S13,General government,GD,Government consolidated gross debt,SE,Sweden,2021,,37.2,,,,,
dataflow,ESTAT:TEINA225(1.0),General government gross debt - annual data,A,Annual,PC_GDP,Percentage of gross domestic product (GDP),S13,General government,GD,Government consolidated gross debt,SE,Sweden,2022,,34.4,,,,,
dataflow,ESTAT:TEINA225(1.0),General government gross debt - annual data,A,Annual,PC_GDP,Percentage of gross domestic product (GDP),S13,General government,GD,Government consolidated gross debt,SE,Sweden,2023,,32.2,,,,,
dataflow,ESTAT:TEINA225(1.0),General government gross debt - annual data,A,Annual,PC_GDP,Percentage of gross domestic product (GDP),S13,General government,GD,Government consolidated gross debt,SE,Sweden,2024,,34.2,,,,,
dataflow,ESTAT:TEINA225(1.0),General government gross debt - annual data,A,Annual,PC_GDP,Percentage of gross domestic product (GDP),S13,General government,GD,Government consolidated gross debt,SE,Sweden,2025,,35.1,,,,,
dataflow,ESTAT:TEINA225(1.0),General government gross debt - annual data,A,Annual,PC_GDP,Percentage of gross domestic product (GDP),S13,General government,GD,Government consolidated gross debt,SI,Slovenia,2014,,81.1,,,,,
dataflow,ESTAT:TEINA225(1.0),General government gross debt - annual data,A,Annual,PC_GDP,Percentage of gross domestic product (GDP),S13,General government,GD,Government consolidated gross debt,SI,Slovenia,2015,,83.4,,,,,
dataflow,ESTAT:TEINA225(1.0),General government gross debt - annual data,A,Annual,PC_GDP,Percentage of gross domestic product (GDP),S13,General government,GD,Government consolidated gross debt,SI,Slovenia,2016,,79.4,,,,,
dataflow,ESTAT:TEINA225(1.0),General government gross debt - annual data,A,Annual,PC_GDP,Percentage of gross domestic product (GDP),S13,General government,GD,Government consolidated gross debt,SI,Slovenia,2017,,74.9,,,,,
dataflow,ESTAT:TEINA225(1.0),General government gross debt - annual data,A,Annual,PC_GDP,Percentage of gross domestic product (GDP),S13,General government,GD,Government consolidated gross debt,SI,Slovenia,2018,,71.0,,,,,
dataflow,ESTAT:TEINA225(1.0),General government gross debt - annual data,A,Annual,PC_GDP,Percentage of gross domestic product (GDP),S13,General government,GD,Government consolidated gross debt,SI,Slovenia,2019,,66.0,,,,,
dataflow,ESTAT:TEINA225(1.0),General government gross debt - annual data,A,Annual,PC_GDP,Percentage of gross domestic product (GDP),S13,General government,GD,Government consolidated gross debt,SI,Slovenia,2020,,80.2,,,,,
dataflow,ESTAT:TEINA225(1.0),General government gross debt - annual data,A,Annual,PC_GDP,Percentage of gross domestic product (GDP),S13,General government,GD,Government consolidated gross debt,SI,Slovenia,2021,,74.8,,,,,
dataflow,ESTAT:TEINA225(1.0),General government gross debt - annual data,A,Annual,PC_GDP,Percentage of gross domestic product (GDP),S13,General government,GD,Government consolidated gross debt,SI,Slovenia,2022,,72.8,,,,,
dataflow,ESTAT:TEINA225(1.0),General government gross debt - annual data,A,Annual,PC_GDP,Percentage of gross domestic product (GDP),S13,General government,GD,Government consolidated gross debt,SI,Slovenia,2023,,68.3,,,,,
dataflow,ESTAT:TEINA225(1.0),General government gross debt - annual data,A,Annual,PC_GDP,Percentage of gross domestic product (GDP),S13,General government,GD,Government consolidated gross debt,SI,Slovenia,2024,,66.4,,,,,
dataflow,ESTAT:TEINA225(1.0),General government gross debt - annual data,A,Annual,PC_GDP,Percentage of gross domestic product (GDP),S13,General government,GD,Government consolidated gross debt,SI,Slovenia,2025,,65.7,,,,,
dataflow,ESTAT:TEINA225(1.0),General government gross debt - annual data,A,Annual,PC_GDP,Percentage of gross domestic product (GDP),S13,General government,GD,Government consolidated gross debt,SK,Slovakia,2014,,53.4,,,,,
dataflow,ESTAT:TEINA225(1.0),General government gross debt - annual data,A,Annual,PC_GDP,Percentage of gross domestic product (GDP),S13,General government,GD,Government consolidated gross debt,SK,Slovakia,2015,,51.6,,,,,
dataflow,ESTAT:TEINA225(1.0),General government gross debt - annual data,A,Annual,PC_GDP,Percentage of gross domestic product (GDP),S13,General government,GD,Government consolidated gross debt,SK,Slovakia,2016,,52.1,,,,,
dataflow,ESTAT:TEINA225(1.0),General government gross debt - annual data,A,Annual,PC_GDP,Percentage of gross domestic product (GDP),S13,General government,GD,Government consolidated gross debt,SK,Slovakia,2017,,51.4,,,,,
dataflow,ESTAT:TEINA225(1.0),General government gross debt - annual data,A,Annual,PC_GDP,Percentage of gross domestic product (GDP),S13,General government,GD,Government consolidated gross debt,SK,Slovakia,2018,,49.3,,,,,
dataflow,ESTAT:TEINA225(1.0),General government gross debt - annual data,A,Annual,PC_GDP,Percentage of gross domestic product (GDP),S13,General government,GD,Government consolidated gross debt,SK,Slovakia,2019,,48.0,,,,,
dataflow,ESTAT:TEINA225(1.0),General government gross debt - annual data,A,Annual,PC_GDP,Percentage of gross domestic product (GDP),S13,General government,GD,Government consolidated gross debt,SK,Slovakia,2020,,58.4,,,,,
dataflow,ESTAT:TEINA225(1.0),General government gross debt - annual data,A,Annual,PC_GDP,Percentage of gross domestic product (GDP),S13,General government,GD,Government consolidated gross debt,SK,Slovakia,2021,,60.2,,,,,
dataflow,ESTAT:TEINA225(1.0),General government gross debt - annual data,A,Annual,PC_GDP,Percentage of gross domestic product (GDP),S13,General government,GD,Government consolidated gross debt,SK,Slovakia,2022,,57.8,,,,,
dataflow,ESTAT:TEINA225(1.0),General government gross debt - annual data,A,Annual,PC_GDP,Percentage of gross domestic product (GDP),S13,General government,GD,Government consolidated gross debt,SK,Slovakia,2023,,55.8,,,,,
dataflow,ESTAT:TEINA225(1.0),General government gross debt - annual data,A,Annual,PC_GDP,Percentage of gross domestic product (GDP),S13,General government,GD,Government consolidated gross debt,SK,Slovakia,2024,,59.7,,,,,
dataflow,ESTAT:TEINA225(1.0),General government gross debt - annual data,A,Annual,PC_GDP,Percentage of gross domestic product (GDP),S13,General government,GD,Government consolidated gross debt,SK,Slovakia,2025,,61.4,,,,,
