DATAFLOW,LAST UPDATE,freq,indic_ppp,ppp_cat18,geo,TIME_PERIOD,OBS_VALUE,OBS_FLAG,CONF_STATUS
ESTAT:TEC00114(1.0),09/07/26 23:00:00,A,VI_PPS_EU27_2020_HAB,GDP,AL,2014,30,,
ESTAT:TEC00114(1.0),09/07/26 23:00:00,A,VI_PPS_EU27_2020_HAB,GDP,AL,2015,30,,
ESTAT:TEC00114(1.0),09/07/26 23:00:00,A,VI_PPS_EU27_2020_HAB,GDP,AL,2016,30,,
ESTAT:TEC00114(1.0),09/07/26 23:00:00,A,VI_PPS_EU27_2020_HAB,GDP,AL,2017,30,,
ESTAT:TEC00114(1.0),09/07/26 23:00:00,A,VI_PPS_EU27_2020_HAB,GDP,AL,2018,30,,
ESTAT:TEC00114(1.0),09/07/26 23:00:00,A,VI_PPS_EU27_2020_HAB,GDP,AL,2019,30,,
ESTAT:TEC00114(1.0),09/07/26 23:00:00,A,VI_PPS_EU27_2020_HAB,GDP,AL,2020,30,,
ESTAT:TEC00114(1.0),09/07/26 23:00:00,A,VI_PPS_EU27_2020_HAB,GDP,AL,2021,31,,
ESTAT:TEC00114(1.0),09/07/26 23:00:00,A,VI_PPS_EU27_2020_HAB,GDP,AL,2022,33,,
ESTAT:TEC00114(1.0),09/07/26 23:00:00,A,VI_PPS_EU27_2020_HAB,GDP,AL,2023,38,,
ESTAT:TEC00114(1.0),09/07/26 23:00:00,A,VI_PPS_EU27_2020_HAB,GDP,AL,2024,42,,
ESTAT:TEC00114(1.0),09/07/26 23:00:00,A,VI_PPS_EU27_2020_HAB,GDP,AL,2025,43,,
ESTAT:TEC00114(1.0),09/07/26 23:00:00,A,VI_PPS_EU27_2020_HAB,GDP,AT,2014,129,,
ESTAT:TEC00114(1.0),09/07/26 23:00:00,A,VI_PPS_EU27_2020_HAB,GDP,AT,2015,128,,
ESTAT:TEC00114(1.0),09/07/26 23:00:00,A,VI_PPS_EU27_2020_HAB,GDP,AT,2016,128,,
ESTAT:TEC00114(1.0),09/07/26 23:00:00,A,VI_PPS_EU27_2020_HAB,GDP,AT,2017,125,,
ESTAT:TEC00114(1.0),09/07/26 23:00:00,A,VI_PPS_EU27_2020_HAB,GDP,AT,2018,125,,
ESTAT:TEC00114(1.0),09/07/26 23:00:00,A,VI_PPS_EU27_2020_HAB,GDP,AT,2019,124,,
ESTAT:TEC00114(1.0),09/07/26 23:00:00,A,VI_PPS_EU27_2020_HAB,GDP,AT,2020,123,,
ESTAT:TEC00114(1.0),09/07/26 23:00:00,A,VI_PPS_EU27_2020_HAB,GDP,AT,2021,121,,
ESTAT:TEC00114(1.0),09/07/26 23:00:00,A,VI_PPS_EU27_2020_HAB,GDP,AT,2022,123,,
ESTAT:TEC00114(1.0),09/07/26 23:00:00,A,VI_PPS_EU27_2020_HAB,GDP,AT,2023,121,,
ESTAT:TEC00114(1.0),09/07/26 23:00:00,A,VI_PPS_EU27_2020_HAB,GDP,AT,2024,119,,
ESTAT:TEC00114(1.0),09/07/26 23:00:00,A,VI_PPS_EU27_2020_HAB,GDP,AT,2025,118,,
ESTAT:TEC00114(1.0),09/07/26 23:00:00,A,VI_PPS_EU27_2020_HAB,GDP,BA,2014,30,,
ESTAT:TEC00114(1.0),09/07/26 23:00:00,A,VI_PPS_EU27_2020_HAB,GDP,BA,2015,31,,
ESTAT:TEC00114(1.0),09/07/26 23:00:00,A,VI_PPS_EU27_2020_HAB,GDP,BA,2016,31,,
ESTAT:TEC00114(1.0),09/07/26 23:00:00,A,VI_PPS_EU27_2020_HAB,GDP,BA,2017,31,,
ESTAT:TEC00114(1.0),09/07/26 23:00:00,A,VI_PPS_EU27_2020_HAB,GDP,BA,2018,32,,
ESTAT:TEC00114(1.0),09/07/26 23:00:00,A,VI_PPS_EU27_2020_HAB,GDP,BA,2019,32,,
ESTAT:TEC00114(1.0),09/07/26 23:00:00,A,VI_PPS_EU27_2020_HAB,GDP,BA,2020,33,,
ESTAT:TEC00114(1.0),09/07/26 23:00:00,A,VI_PPS_EU27_2020_HAB,GDP,BA,2021,33,,
ESTAT:TEC00114(1.0),09/07/26 23:00:00,A,VI_PPS_EU27_2020_HAB,GDP,BA,2022,35,,
ESTAT:TEC00114(1.0),09/07/26 23:00:00,A,VI_PPS_EU27_2020_HAB,GDP,BA,2023,35,,
ESTAT:TEC00114(1.0),09/07/26 23:00:00,A,VI_PPS_EU27_2020_HAB,GDP,BA,2024,37,,
ESTAT:TEC00114(1.0),09/07/26 23:00:00,A,VI_PPS_EU27_2020_HAB,GDP,BA,2025,36,,
ESTAT:TEC00114(1.0),09/07/26 23:00:00,A,VI_PPS_EU27_2020_HAB,GDP,BE,2014,121,,
ESTAT:TEC00114(1.0),09/07/26 23:00:00,A,VI_PPS_EU27_2020_HAB,GDP,BE,2015,119,,
ESTAT:TEC00114(1.0),09/07/26 23:00:00,A,VI_PPS_EU27_2020_HAB,GDP,BE,2016,118,,
ESTAT:TEC00114(1.0),09/07/26 23:00:00,A,VI_PPS_EU27_2020_HAB,GDP,BE,2017,116,,
ESTAT:TEC00114(1.0),09/07/26 23:00:00,A,VI_PPS_EU27_2020_HAB,GDP,BE,2018,116,,
ESTAT:TEC00114(1.0),09/07/26 23:00:00,A,VI_PPS_EU27_2020_HAB,GDP,BE,2019,116,,
ESTAT:TEC00114(1.0),09/07/26 23:00:00,A,VI_PPS_EU27_2020_HAB,GDP,BE,2020,118,,
ESTAT:TEC00114(1.0),09/07/26 23:00:00,A,VI_PPS_EU27_2020_HAB,GDP,BE,2021,116,,
ESTAT:TEC00114(1.0),09/07/26 23:00:00,A,VI_PPS_EU27_2020_HAB,GDP,BE,2022,118,,
ESTAT:TEC00114(1.0),09/07/26 23:00:00,A,VI_PPS_EU27_2020_HAB,GDP,BE,2023,118,,
ESTAT:TEC00114(1.0),09/07/26 23:00:00,A,VI_PPS_EU27_2020_HAB,GDP,BE,2024,117,,
ESTAT:TEC00114(1.0),09/07/26 23:00:00,A,VI_PPS_EU27_2020_HAB,GDP,BE,2025,114,p,
ESTAT:TEC00114(1.0),09/07/26 23:00:00,A,VI_PPS_EU27_2020_HAB,GDP,BG,2014,48,,
ESTAT:TEC00114(1.0),09/07/26 23:00:00,A,VI_PPS_EU27_2020_HAB,GDP,BG,2015,49,,
ESTAT:TEC00114(1.0),09/07/26 23:00:00,A,VI_PPS_EU27_2020_HAB,GDP,BG,2016,51,,
ESTAT:TEC00114(1.0),09/07/26 23:00:00,A,VI_PPS_EU27_2020_HAB,GDP,BG,2017,52,,
ESTAT:TEC00114(1.0),09/07/26 23:00:00,A,VI_PPS_EU27_2020_HAB,GDP,BG,2018,53,,
ESTAT:TEC00114(1.0),09/07/26 23:00:00,A,VI_PPS_EU27_2020_HAB,GDP,BG,2019,55,,
ESTAT:TEC00114(1.0),09/07/26 23:00:00,A,VI_PPS_EU27_2020_HAB,GDP,BG,2020,57,,
ESTAT:TEC00114(1.0),09/07/26 23:00:00,A,VI_PPS_EU27_2020_HAB,GDP,BG,2021,59,,
ESTAT:TEC00114(1.0),09/07/26 23:00:00,A,VI_PPS_EU27_2020_HAB,GDP,BG,2022,62,,
ESTAT:TEC00114(1.0),09/07/26 23:00:00,A,VI_PPS_EU27_2020_HAB,GDP,BG,2023,63,,
ESTAT:TEC00114(1.0),09/07/26 23:00:00,A,VI_PPS_EU27_2020_HAB,GDP,BG,2024,66,,
ESTAT:TEC00114(1.0),09/07/26 23:00:00,A,VI_PPS_EU27_2020_HAB,GDP,BG,2025,68,p,
ESTAT:TEC00114(1.0),09/07/26 23:00:00,A,VI_PPS_EU27_2020_HAB,GDP,CH,2014,173,,
ESTAT:TEC00114(1.0),09/07/26 23:00:00,A,VI_PPS_EU27_2020_HAB,GDP,CH,2015,172,,
ESTAT:TEC00114(1.0),09/07/26 23:00:00,A,VI_PPS_EU27_2020_HAB,GDP,CH,2016,167,,
ESTAT:TEC00114(1.0),09/07/26 23:00:00,A,VI_PPS_EU27_2020_HAB,GDP,CH,2017,160,,
ESTAT:TEC00114(1.0),09/07/26 23:00:00,A,VI_PPS_EU27_2020_HAB,GDP,CH,2018,160,,
ESTAT:TEC00114(1.0),09/07/26 23:00:00,A,VI_PPS_EU27_2020_HAB,GDP,CH,2019,154,,
ESTAT:TEC00114(1.0),09/07/26 23:00:00,A,VI_PPS_EU27_2020_HAB,GDP,CH,2020,156,,
ESTAT:TEC00114(1.0),09/07/26 23:00:00,A,VI_PPS_EU27_2020_HAB,GDP,CH,2021,160,,
ESTAT:TEC00114(1.0),09/07/26 23:00:00,A,VI_PPS_EU27_2020_HAB,GDP,CH,2022,167,,
ESTAT:TEC00114(1.0),09/07/26 23:00:00,A,VI_PPS_EU27_2020_HAB,GDP,CH,2023,160,,
ESTAT:TEC00114(1.0),09/07/26 23:00:00,A,VI_PPS_EU27_2020_HAB,GDP,CH,2024,157,p,
ESTAT:TEC00114(1.0),09/07/26 23:00:00,A,VI_PPS_EU27_2020_HAB,GDP,CH,2025,157,p,
ESTAT:TEC00114(1.0),09/07/26 23:00:00,A,VI_PPS_EU27_2020_HAB,GDP,CY,2014,80,,
ESTAT:TEC00114(1.0),09/07/26 23:00:00,A,VI_PPS_EU27_2020_HAB,GDP,CY,2015,81,,
ESTAT:TEC00114(1.0),09/07/26 23:00:00,A,VI_PPS_EU27_2020_HAB,GDP,CY,2016,86,,
ESTAT:TEC00114(1.0),09/07/26 23:00:00,A,VI_PPS_EU27_2020_HAB,GDP,CY,2017,87,,
ESTAT:TEC00114(1.0),09/07/26 23:00:00,A,VI_PPS_EU27_2020_HAB,GDP,CY,2018,89,,
ESTAT:TEC00114(1.0),09/07/26 23:00:00,A,VI_PPS_EU27_2020_HAB,GDP,CY,2019,91,,
ESTAT:TEC00114(1.0),09/07/26 23:00:00,A,VI_PPS_EU27_2020_HAB,GDP,CY,2020,89,,
ESTAT:TEC00114(1.0),09/07/26 23:00:00,A,VI_PPS_EU27_2020_HAB,GDP,CY,2021,91,,
ESTAT:TEC00114(1.0),09/07/26 23:00:00,A,VI_PPS_EU27_2020_HAB,GDP,CY,2022,95,,
ESTAT:TEC00114(1.0),09/07/26 23:00:00,A,VI_PPS_EU27_2020_HAB,GDP,CY,2023,97,,
ESTAT:TEC00114(1.0),09/07/26 23:00:00,A,VI_PPS_EU27_2020_HAB,GDP,CY,2024,99,,
ESTAT:TEC00114(1.0),09/07/26 23:00:00,A,VI_PPS_EU27_2020_HAB,GDP,CY,2025,98,p,
ESTAT:TEC00114(1.0),09/07/26 23:00:00,A,VI_PPS_EU27_2020_HAB,GDP,CZ,2014,88,,
ESTAT:TEC00114(1.0),09/07/26 23:00:00,A,VI_PPS_EU27_2020_HAB,GDP,CZ,2015,89,,
ESTAT:TEC00114(1.0),09/07/26 23:00:00,A,VI_PPS_EU27_2020_HAB,GDP,CZ,2016,89,,
ESTAT:TEC00114(1.0),09/07/26 23:00:00,A,VI_PPS_EU27_2020_HAB,GDP,CZ,2017,92,,
ESTAT:TEC00114(1.0),09/07/26 23:00:00,A,VI_PPS_EU27_2020_HAB,GDP,CZ,2018,93,,
ESTAT:TEC00114(1.0),09/07/26 23:00:00,A,VI_PPS_EU27_2020_HAB,GDP,CZ,2019,95,,
ESTAT:TEC00114(1.0),09/07/26 23:00:00,A,VI_PPS_EU27_2020_HAB,GDP,CZ,2020,96,,
ESTAT:TEC00114(1.0),09/07/26 23:00:00,A,VI_PPS_EU27_2020_HAB,GDP,CZ,2021,92,,
ESTAT:TEC00114(1.0),09/07/26 23:00:00,A,VI_PPS_EU27_2020_HAB,GDP,CZ,2022,90,,
ESTAT:TEC00114(1.0),09/07/26 23:00:00,A,VI_PPS_EU27_2020_HAB,GDP,CZ,2023,91,,
ESTAT:TEC00114(1.0),09/07/26 23:00:00,A,VI_PPS_EU27_2020_HAB,GDP,CZ,2024,90,,
ESTAT:TEC00114(1.0),09/07/26 23:00:00,A,VI_PPS_EU27_2020_HAB,GDP,CZ,2025,92,,
ESTAT:TEC00114(1.0),09/07/26 23:00:00,A,VI_PPS_EU27_2020_HAB,GDP,DE,2014,128,,
ESTAT:TEC00114(1.0),09/07/26 23:00:00,A,VI_PPS_EU27_2020_HAB,GDP,DE,2015,126,,
ESTAT:TEC00114(1.0),09/07/26 23:00:00,A,VI_PPS_EU27_2020_HAB,GDP,DE,2016,126,,
ESTAT:TEC00114(1.0),09/07/26 23:00:00,A,VI_PPS_EU27_2020_HAB,GDP,DE,2017,126,,
ESTAT:TEC00114(1.0),09/07/26 23:00:00,A,VI_PPS_EU27_2020_HAB,GDP,DE,2018,126,,
ESTAT:TEC00114(1.0),09/07/26 23:00:00,A,VI_PPS_EU27_2020_HAB,GDP,DE,2019,123,,
ESTAT:TEC00114(1.0),09/07/26 23:00:00,A,VI_PPS_EU27_2020_HAB,GDP,DE,2020,124,,
ESTAT:TEC00114(1.0),09/07/26 23:00:00,A,VI_PPS_EU27_2020_HAB,GDP,DE,2021,122,,
ESTAT:TEC00114(1.0),09/07/26 23:00:00,A,VI_PPS_EU27_2020_HAB,GDP,DE,2022,120,,
ESTAT:TEC00114(1.0),09/07/26 23:00:00,A,VI_PPS_EU27_2020_HAB,GDP,DE,2023,118,p,
ESTAT:TEC00114(1.0),09/07/26 23:00:00,A,VI_PPS_EU27_2020_HAB,GDP,DE,2024,116,p,
ESTAT:TEC00114(1.0),09/07/26 23:00:00,A,VI_PPS_EU27_2020_HAB,GDP,DE,2025,115,p,
ESTAT:TEC00114(1.0),09/07/26 23:00:00,A,VI_PPS_EU27_2020_HAB,GDP,DK,2014,128,,
ESTAT:TEC00114(1.0),09/07/26 23:00:00,A,VI_PPS_EU27_2020_HAB,GDP,DK,2015,127,,
ESTAT:TEC00114(1.0),09/07/26 23:00:00,A,VI_PPS_EU27_2020_HAB,GDP,DK,2016,126,,
ESTAT:TEC00114(1.0),09/07/26 23:00:00,A,VI_PPS_EU27_2020_HAB,GDP,DK,2017,128,,
ESTAT:TEC00114(1.0),09/07/26 23:00:00,A,VI_PPS_EU27_2020_HAB,GDP,DK,2018,127,,
ESTAT:TEC00114(1.0),09/07/26 23:00:00,A,VI_PPS_EU27_2020_HAB,GDP,DK,2019,124,,
ESTAT:TEC00114(1.0),09/07/26 23:00:00,A,VI_PPS_EU27_2020_HAB,GDP,DK,2020,131,,
ESTAT:TEC00114(1.0),09/07/26 23:00:00,A,VI_PPS_EU27_2020_HAB,GDP,DK,2021,133,,
ESTAT:TEC00114(1.0),09/07/26 23:00:00,A,VI_PPS_EU27_2020_HAB,GDP,DK,2022,134,,
ESTAT:TEC00114(1.0),09/07/26 23:00:00,A,VI_PPS_EU27_2020_HAB,GDP,DK,2023,126,,
ESTAT:TEC00114(1.0),09/07/26 23:00:00,A,VI_PPS_EU27_2020_HAB,GDP,DK,2024,127,,
ESTAT:TEC00114(1.0),09/07/26 23:00:00,A,VI_PPS_EU27_2020_HAB,GDP,DK,2025,127,,
ESTAT:TEC00114(1.0),09/07/26 23:00:00,A,VI_PPS_EU27_2020_HAB,GDP,EA19,2014,108,,
ESTAT:TEC00114(1.0),09/07/26 23:00:00,A,VI_PPS_EU27_2020_HAB,GDP,EA19,2015,108,,
ESTAT:TEC00114(1.0),09/07/26 23:00:00,A,VI_PPS_EU27_2020_HAB,GDP,EA19,2016,107,,
ESTAT:TEC00114(1.0),09/07/26 23:00:00,A,VI_PPS_EU27_2020_HAB,GDP,EA19,2017,107,,
ESTAT:TEC00114(1.0),09/07/26 23:00:00,A,VI_PPS_EU27_2020_HAB,GDP,EA19,2018,107,,
ESTAT:TEC00114(1.0),09/07/26 23:00:00,A,VI_PPS_EU27_2020_HAB,GDP,EA19,2019,106,,
ESTAT:TEC00114(1.0),09/07/26 23:00:00,A,VI_PPS_EU27_2020_HAB,GDP,EA19,2020,105,,
ESTAT:TEC00114(1.0),09/07/26 23:00:00,A,VI_PPS_EU27_2020_HAB,GDP,EA19,2021,105,,
ESTAT:TEC00114(1.0),09/07/26 23:00:00,A,VI_PPS_EU27_2020_HAB,GDP,EA19,2022,105,,
ESTAT:TEC00114(1.0),09/07/26 23:00:00,A,VI_PPS_EU27_2020_HAB,GDP,EA19,2023,105,,
ESTAT:TEC00114(1.0),09/07/26 23:00:00,A,VI_PPS_EU27_2020_HAB,GDP,EA19,2024,105,,
ESTAT:TEC00114(1.0),09/07/26 23:00:00,A,VI_PPS_EU27_2020_HAB,GDP,EA19,2025,104,,
ESTAT:TEC00114(1.0),09/07/26 23:00:00,A,VI_PPS_EU27_2020_HAB,GDP,EA20,2014,107,,
ESTAT:TEC00114(1.0),09/07/26 23:00:00,A,VI_PPS_EU27_2020_HAB,GDP,EA20,2015,107,,
ESTAT:TEC00114(1.0),09/07/26 23:00:00,A,VI_PPS_EU27_2020_HAB,GDP,EA20,2016,107,,
ESTAT:TEC00114(1.0),09/07/26 23:00:00,A,VI_PPS_EU27_2020_HAB,GDP,EA20,2017,107,,
ESTAT:TEC00114(1.0),09/07/26 23:00:00,A,VI_PPS_EU27_2020_HAB,GDP,EA20,2018,106,,
ESTAT:TEC00114(1.0),09/07/26 23:00:00,A,VI_PPS_EU27_2020_HAB,GDP,EA20,2019,106,,
ESTAT:TEC00114(1.0),09/07/26 23:00:00,A,VI_PPS_EU27_2020_HAB,GDP,EA20,2020,104,,
ESTAT:TEC00114(1.0),09/07/26 23:00:00,A,VI_PPS_EU27_2020_HAB,GDP,EA20,2021,104,,
ESTAT:TEC00114(1.0),09/07/26 23:00:00,A,VI_PPS_EU27_2020_HAB,GDP,EA20,2022,105,,
ESTAT:TEC00114(1.0),09/07/26 23:00:00,A,VI_PPS_EU27_2020_HAB,GDP,EA20,2023,105,,
ESTAT:TEC00114(1.0),09/07/26 23:00:00,A,VI_PPS_EU27_2020_HAB,GDP,EA20,2024,104,,
ESTAT:TEC00114(1.0),09/07/26 23:00:00,A,VI_PPS_EU27_2020_HAB,GDP,EA20,2025,104,,
ESTAT:TEC00114(1.0),09/07/26 23:00:00,A,VI_PPS_EU27_2020_HAB,GDP,EA21,2014,106,,
ESTAT:TEC00114(1.0),09/07/26 23:00:00,A,VI_PPS_EU27_2020_HAB,GDP,EA21,2015,106,,
ESTAT:TEC00114(1.0),09/07/26 23:00:00,A,VI_PPS_EU27_2020_HAB,GDP,EA21,2016,106,,
ESTAT:TEC00114(1.0),09/07/26 23:00:00,A,VI_PPS_EU27_2020_HAB,GDP,EA21,2017,105,,
ESTAT:TEC00114(1.0),09/07/26 23:00:00,A,VI_PPS_EU27_2020_HAB,GDP,EA21,2018,105,,
ESTAT:TEC00114(1.0),09/07/26 23:00:00,A,VI_PPS_EU27_2020_HAB,GDP,EA21,2019,105,,
ESTAT:TEC00114(1.0),09/07/26 23:00:00,A,VI_PPS_EU27_2020_HAB,GDP,EA21,2020,104,,
ESTAT:TEC00114(1.0),09/07/26 23:00:00,A,VI_PPS_EU27_2020_HAB,GDP,EA21,2021,104,,
ESTAT:TEC00114(1.0),09/07/26 23:00:00,A,VI_PPS_EU27_2020_HAB,GDP,EA21,2022,104,,
ESTAT:TEC00114(1.0),09/07/26 23:00:00,A,VI_PPS_EU27_2020_HAB,GDP,EA21,2023,104,,
ESTAT:TEC00114(1.0),09/07/26 23:00:00,A,VI_PPS_EU27_2020_HAB,GDP,EA21,2024,104,,
ESTAT:TEC00114(1.0),09/07/26 23:00:00,A,VI_PPS_EU27_2020_HAB,GDP,EA21,2025,103,,
ESTAT:TEC00114(1.0),09/07/26 23:00:00,A,VI_PPS_EU27_2020_HAB,GDP,EE,2014,78,,
ESTAT:TEC00114(1.0),09/07/26 23:00:00,A,VI_PPS_EU27_2020_HAB,GDP,EE,2015,77,,
ESTAT:TEC00114(1.0),09/07/26 23:00:00,A,VI_PPS_EU27_2020_HAB,GDP,EE,2016,78,,
ESTAT:TEC00114(1.0),09/07/26 23:00:00,A,VI_PPS_EU27_2020_HAB,GDP,EE,2017,80,,
ESTAT:TEC00114(1.0),09/07/26 23:00:00,A,VI_PPS_EU27_2020_HAB,GDP,EE,2018,82,,
ESTAT:TEC00114(1.0),09/07/26 23:00:00,A,VI_PPS_EU27_2020_HAB,GDP,EE,2019,83,,
ESTAT:TEC00114(1.0),09/07/26 23:00:00,A,VI_PPS_EU27_2020_HAB,GDP,EE,2020,85,,
ESTAT:TEC00114(1.0),09/07/26 23:00:00,A,VI_PPS_EU27_2020_HAB,GDP,EE,2021,85,,
ESTAT:TEC00114(1.0),09/07/26 23:00:00,A,VI_PPS_EU27_2020_HAB,GDP,EE,2022,83,,
ESTAT:TEC00114(1.0),09/07/26 23:00:00,A,VI_PPS_EU27_2020_HAB,GDP,EE,2023,80,,
ESTAT:TEC00114(1.0),09/07/26 23:00:00,A,VI_PPS_EU27_2020_HAB,GDP,EE,2024,79,,
ESTAT:TEC00114(1.0),09/07/26 23:00:00,A,VI_PPS_EU27_2020_HAB,GDP,EE,2025,79,,
ESTAT:TEC00114(1.0),09/07/26 23:00:00,A,VI_PPS_EU27_2020_HAB,GDP,EL,2014,71,,
ESTAT:TEC00114(1.0),09/07/26 23:00:00,A,VI_PPS_EU27_2020_HAB,GDP,EL,2015,69,,
ESTAT:TEC00114(1.0),09/07/26 23:00:00,A,VI_PPS_EU27_2020_HAB,GDP,EL,2016,67,,
ESTAT:TEC00114(1.0),09/07/26 23:00:00,A,VI_PPS_EU27_2020_HAB,GDP,EL,2017,66,,
ESTAT:TEC00114(1.0),09/07/26 23:00:00,A,VI_PPS_EU27_2020_HAB,GDP,EL,2018,66,,
ESTAT:TEC00114(1.0),09/07/26 23:00:00,A,VI_PPS_EU27_2020_HAB,GDP,EL,2019,66,,
ESTAT:TEC00114(1.0),09/07/26 23:00:00,A,VI_PPS_EU27_2020_HAB,GDP,EL,2020,62,,
ESTAT:TEC00114(1.0),09/07/26 23:00:00,A,VI_PPS_EU27_2020_HAB,GDP,EL,2021,64,,
ESTAT:TEC00114(1.0),09/07/26 23:00:00,A,VI_PPS_EU27_2020_HAB,GDP,EL,2022,66,,
ESTAT:TEC00114(1.0),09/07/26 23:00:00,A,VI_PPS_EU27_2020_HAB,GDP,EL,2023,68,p,
ESTAT:TEC00114(1.0),09/07/26 23:00:00,A,VI_PPS_EU27_2020_HAB,GDP,EL,2024,68,p,
ESTAT:TEC00114(1.0),09/07/26 23:00:00,A,VI_PPS_EU27_2020_HAB,GDP,EL,2025,68,p,
ESTAT:TEC00114(1.0),09/07/26 23:00:00,A,VI_PPS_EU27_2020_HAB,GDP,ES,2014,90,,
ESTAT:TEC00114(1.0),09/07/26 23:00:00,A,VI_PPS_EU27_2020_HAB,GDP,ES,2015,91,,
ESTAT:TEC00114(1.0),09/07/26 23:00:00,A,VI_PPS_EU27_2020_HAB,GDP,ES,2016,92,,
ESTAT:TEC00114(1.0),09/07/26 23:00:00,A,VI_PPS_EU27_2020_HAB,GDP,ES,2017,92,,
ESTAT:TEC00114(1.0),09/07/26 23:00:00,A,VI_PPS_EU27_2020_HAB,GDP,ES,2018,91,,
ESTAT:TEC00114(1.0),09/07/26 23:00:00,A,VI_PPS_EU27_2020_HAB,GDP,ES,2019,90,,
ESTAT:TEC00114(1.0),09/07/26 23:00:00,A,VI_PPS_EU27_2020_HAB,GDP,ES,2020,82,,
ESTAT:TEC00114(1.0),09/07/26 23:00:00,A,VI_PPS_EU27_2020_HAB,GDP,ES,2021,85,,
ESTAT:TEC00114(1.0),09/07/26 23:00:00,A,VI_PPS_EU27_2020_HAB,GDP,ES,2022,88,,
ESTAT:TEC00114(1.0),09/07/26 23:00:00,A,VI_PPS_EU27_2020_HAB,GDP,ES,2023,91,p,
ESTAT:TEC00114(1.0),09/07/26 23:00:00,A,VI_PPS_EU27_2020_HAB,GDP,ES,2024,91,p,
ESTAT:TEC00114(1.0),09/07/26 23:00:00,A,VI_PPS_EU27_2020_HAB,GDP,ES,2025,92,p,
ESTAT:TEC00114(1.0),09/07/26 23:00:00,A,VI_PPS_EU27_2020_HAB,GDP,EU27_2020,2014,100,,
ESTAT:TEC00114(1.0),09/07/26 23:00:00,A,VI_PPS_EU27_2020_HAB,GDP,EU27_2020,2015,100,,
ESTAT:TEC00114(1.0),09/07/26 23:00:00,A,VI_PPS_EU27_2020_HAB,GDP,EU27_2020,2016,100,,
ESTAT:TEC00114(1.0),09/07/26 23:00:00,A,VI_PPS_EU27_2020_HAB,GDP,EU27_2020,2017,100,,
ESTAT:TEC00114(1.0),09/07/26 23:00:00,A,VI_PPS_EU27_2020_HAB,GDP,EU27_2020,2018,100,,
ESTAT:TEC00114(1.0),09/07/26 23:00:00,A,VI_PPS_EU27_2020_HAB,GDP,EU27_2020,2019,100,,
ESTAT:TEC00114(1.0),09/07/26 23:00:00,A,VI_PPS_EU27_2020_HAB,GDP,EU27_2020,2020,100,,
ESTAT:TEC00114(1.0),09/07/26 23:00:00,A,VI_PPS_EU27_2020_HAB,GDP,EU27_2020,2021,100,,
ESTAT:TEC00114(1.0),09/07/26 23:00:00,A,VI_PPS_EU27_2020_HAB,GDP,EU27_2020,2022,100,,
ESTAT:TEC00114(1.0),09/07/26 23:00:00,A,VI_PPS_EU27_2020_HAB,GDP,EU27_2020,2023,100,,
ESTAT:TEC00114(1.0),09/07/26 23:00:00,A,VI_PPS_EU27_2020_HAB,GDP,EU27_2020,2024,100,,
ESTAT:TEC00114(1.0),09/07/26 23:00:00,A,VI_PPS_EU27_2020_HAB,GDP,EU27_2020,2025,100,,
ESTAT:TEC00114(1.0),09/07/26 23:00:00,A,VI_PPS_EU27_2020_HAB,GDP,FI,2014,111,,
ESTAT:TEC00114(1.0),09/07/26 23:00:00,A,VI_PPS_EU27_2020_HAB,GDP,FI,2015,109,,
ESTAT:TEC00114(1.0),09/07/26 23:00:00,A,VI_PPS_EU27_2020_HAB,GDP,FI,2016,109,,
ESTAT:TEC00114(1.0),09/07/26 23:00:00,A,VI_PPS_EU27_2020_HAB,GDP,FI,2017,109,,
ESTAT:TEC00114(1.0),09/07/26 23:00:00,A,VI_PPS_EU27_2020_HAB,GDP,FI,2018,109,,
ESTAT:TEC00114(1.0),09/07/26 23:00:00,A,VI_PPS_EU27_2020_HAB,GDP,FI,2019,107,,
ESTAT:TEC00114(1.0),09/07/26 23:00:00,A,VI_PPS_EU27_2020_HAB,GDP,FI,2020,112,,
ESTAT:TEC00114(1.0),09/07/26 23:00:00,A,VI_PPS_EU27_2020_HAB,GDP,FI,2021,109,,
ESTAT:TEC00114(1.0),09/07/26 23:00:00,A,VI_PPS_EU27_2020_HAB,GDP,FI,2022,106,,
ESTAT:TEC00114(1.0),09/07/26 23:00:00,A,VI_PPS_EU27_2020_HAB,GDP,FI,2023,103,,
ESTAT:TEC00114(1.0),09/07/26 23:00:00,A,VI_PPS_EU27_2020_HAB,GDP,FI,2024,102,,
ESTAT:TEC00114(1.0),09/07/26 23:00:00,A,VI_PPS_EU27_2020_HAB,GDP,FI,2025,101,,
ESTAT:TEC00114(1.0),09/07/26 23:00:00,A,VI_PPS_EU27_2020_HAB,GDP,FR,2014,108,,
ESTAT:TEC00114(1.0),09/07/26 23:00:00,A,VI_PPS_EU27_2020_HAB,GDP,FR,2015,106,,
ESTAT:TEC00114(1.0),09/07/26 23:00:00,A,VI_PPS_EU27_2020_HAB,GDP,FR,2016,105,,
ESTAT:TEC00114(1.0),09/07/26 23:00:00,A,VI_PPS_EU27_2020_HAB,GDP,FR,2017,103,,
ESTAT:TEC00114(1.0),09/07/26 23:00:00,A,VI_PPS_EU27_2020_HAB,GDP,FR,2018,103,,
ESTAT:TEC00114(1.0),09/07/26 23:00:00,A,VI_PPS_EU27_2020_HAB,GDP,FR,2019,105,,
ESTAT:TEC00114(1.0),09/07/26 23:00:00,A,VI_PPS_EU27_2020_HAB,GDP,FR,2020,103,,
ESTAT:TEC00114(1.0),09/07/26 23:00:00,A,VI_PPS_EU27_2020_HAB,GDP,FR,2021,101,,
ESTAT:TEC00114(1.0),09/07/26 23:00:00,A,VI_PPS_EU27_2020_HAB,GDP,FR,2022,97,,
ESTAT:TEC00114(1.0),09/07/26 23:00:00,A,VI_PPS_EU27_2020_HAB,GDP,FR,2023,99,,
ESTAT:TEC00114(1.0),09/07/26 23:00:00,A,VI_PPS_EU27_2020_HAB,GDP,FR,2024,98,p,
ESTAT:TEC00114(1.0),09/07/26 23:00:00,A,VI_PPS_EU27_2020_HAB,GDP,FR,2025,98,p,
ESTAT:TEC00114(1.0),09/07/26 23:00:00,A,VI_PPS_EU27_2020_HAB,GDP,HR,2014,61,,
ESTAT:TEC00114(1.0),09/07/26 23:00:00,A,VI_PPS_EU27_2020_HAB,GDP,HR,2015,61,,
ESTAT:TEC00114(1.0),09/07/26 23:00:00,A,VI_PPS_EU27_2020_HAB,GDP,HR,2016,63,,
ESTAT:TEC00114(1.0),09/07/26 23:00:00,A,VI_PPS_EU27_2020_HAB,GDP,HR,2017,65,,
ESTAT:TEC00114(1.0),09/07/26 23:00:00,A,VI_PPS_EU27_2020_HAB,GDP,HR,2018,66,,
ESTAT:TEC00114(1.0),09/07/26 23:00:00,A,VI_PPS_EU27_2020_HAB,GDP,HR,2019,68,,
ESTAT:TEC00114(1.0),09/07/26 23:00:00,A,VI_PPS_EU27_2020_HAB,GDP,HR,2020,66,,
ESTAT:TEC00114(1.0),09/07/26 23:00:00,A,VI_PPS_EU27_2020_HAB,GDP,HR,2021,71,,
ESTAT:TEC00114(1.0),09/07/26 23:00:00,A,VI_PPS_EU27_2020_HAB,GDP,HR,2022,72,,
ESTAT:TEC00114(1.0),09/07/26 23:00:00,A,VI_PPS_EU27_2020_HAB,GDP,HR,2023,78,,
ESTAT:TEC00114(1.0),09/07/26 23:00:00,A,VI_PPS_EU27_2020_HAB,GDP,HR,2024,78,,
ESTAT:TEC00114(1.0),09/07/26 23:00:00,A,VI_PPS_EU27_2020_HAB,GDP,HR,2025,78,p,
ESTAT:TEC00114(1.0),09/07/26 23:00:00,A,VI_PPS_EU27_2020_HAB,GDP,HU,2014,69,,
ESTAT:TEC00114(1.0),09/07/26 23:00:00,A,VI_PPS_EU27_2020_HAB,GDP,HU,2015,70,,
ESTAT:TEC00114(1.0),09/07/26 23:00:00,A,VI_PPS_EU27_2020_HAB,GDP,HU,2016,69,,
ESTAT:TEC00114(1.0),09/07/26 23:00:00,A,VI_PPS_EU27_2020_HAB,GDP,HU,2017,69,,
ESTAT:TEC00114(1.0),09/07/26 23:00:00,A,VI_PPS_EU27_2020_HAB,GDP,HU,2018,71,,
ESTAT:TEC00114(1.0),09/07/26 23:00:00,A,VI_PPS_EU27_2020_HAB,GDP,HU,2019,73,,
ESTAT:TEC00114(1.0),09/07/26 23:00:00,A,VI_PPS_EU27_2020_HAB,GDP,HU,2020,75,,
ESTAT:TEC00114(1.0),09/07/26 23:00:00,A,VI_PPS_EU27_2020_HAB,GDP,HU,2021,75,,
ESTAT:TEC00114(1.0),09/07/26 23:00:00,A,VI_PPS_EU27_2020_HAB,GDP,HU,2022,76,,
ESTAT:TEC00114(1.0),09/07/26 23:00:00,A,VI_PPS_EU27_2020_HAB,GDP,HU,2023,75,,
ESTAT:TEC00114(1.0),09/07/26 23:00:00,A,VI_PPS_EU27_2020_HAB,GDP,HU,2024,76,,
ESTAT:TEC00114(1.0),09/07/26 23:00:00,A,VI_PPS_EU27_2020_HAB,GDP,HU,2025,76,p,
ESTAT:TEC00114(1.0),09/07/26 23:00:00,A,VI_PPS_EU27_2020_HAB,GDP,IE,2014,141,,
ESTAT:TEC00114(1.0),09/07/26 23:00:00,A,VI_PPS_EU27_2020_HAB,GDP,IE,2015,185,,
ESTAT:TEC00114(1.0),09/07/26 23:00:00,A,VI_PPS_EU27_2020_HAB,GDP,IE,2016,178,,
ESTAT:TEC00114(1.0),09/07/26 23:00:00,A,VI_PPS_EU27_2020_HAB,GDP,IE,2017,187,,
ESTAT:TEC00114(1.0),09/07/26 23:00:00,A,VI_PPS_EU27_2020_HAB,GDP,IE,2018,191,,
ESTAT:TEC00114(1.0),09/07/26 23:00:00,A,VI_PPS_EU27_2020_HAB,GDP,IE,2019,189,,
ESTAT:TEC00114(1.0),09/07/26 23:00:00,A,VI_PPS_EU27_2020_HAB,GDP,IE,2020,205,,
ESTAT:TEC00114(1.0),09/07/26 23:00:00,A,VI_PPS_EU27_2020_HAB,GDP,IE,2021,225,,
ESTAT:TEC00114(1.0),09/07/26 23:00:00,A,VI_PPS_EU27_2020_HAB,GDP,IE,2022,237,,
ESTAT:TEC00114(1.0),09/07/26 23:00:00,A,VI_PPS_EU27_2020_HAB,GDP,IE,2023,218,,
ESTAT:TEC00114(1.0),09/07/26 23:00:00,A,VI_PPS_EU27_2020_HAB,GDP,IE,2024,221,,
ESTAT:TEC00114(1.0),09/07/26 23:00:00,A,VI_PPS_EU27_2020_HAB,GDP,IE,2025,238,,
ESTAT:TEC00114(1.0),09/07/26 23:00:00,A,VI_PPS_EU27_2020_HAB,GDP,IS,2014,126,,
ESTAT:TEC00114(1.0),09/07/26 23:00:00,A,VI_PPS_EU27_2020_HAB,GDP,IS,2015,131,,
ESTAT:TEC00114(1.0),09/07/26 23:00:00,A,VI_PPS_EU27_2020_HAB,GDP,IS,2016,135,,
ESTAT:TEC00114(1.0),09/07/26 23:00:00,A,VI_PPS_EU27_2020_HAB,GDP,IS,2017,133,,
ESTAT:TEC00114(1.0),09/07/26 23:00:00,A,VI_PPS_EU27_2020_HAB,GDP,IS,2018,131,,
ESTAT:TEC00114(1.0),09/07/26 23:00:00,A,VI_PPS_EU27_2020_HAB,GDP,IS,2019,129,,
ESTAT:TEC00114(1.0),09/07/26 23:00:00,A,VI_PPS_EU27_2020_HAB,GDP,IS,2020,122,,
ESTAT:TEC00114(1.0),09/07/26 23:00:00,A,VI_PPS_EU27_2020_HAB,GDP,IS,2021,124,,
ESTAT:TEC00114(1.0),09/07/26 23:00:00,A,VI_PPS_EU27_2020_HAB,GDP,IS,2022,135,,
ESTAT:TEC00114(1.0),09/07/26 23:00:00,A,VI_PPS_EU27_2020_HAB,GDP,IS,2023,136,,
ESTAT:TEC00114(1.0),09/07/26 23:00:00,A,VI_PPS_EU27_2020_HAB,GDP,IS,2024,131,,
ESTAT:TEC00114(1.0),09/07/26 23:00:00,A,VI_PPS_EU27_2020_HAB,GDP,IS,2025,128,,
ESTAT:TEC00114(1.0),09/07/26 23:00:00,A,VI_PPS_EU27_2020_HAB,GDP,IT,2014,98,,
ESTAT:TEC00114(1.0),09/07/26 23:00:00,A,VI_PPS_EU27_2020_HAB,GDP,IT,2015,97,,
ESTAT:TEC00114(1.0),09/07/26 23:00:00,A,VI_PPS_EU27_2020_HAB,GDP,IT,2016,99,,
ESTAT:TEC00114(1.0),09/07/26 23:00:00,A,VI_PPS_EU27_2020_HAB,GDP,IT,2017,98,,
ESTAT:TEC00114(1.0),09/07/26 23:00:00,A,VI_PPS_EU27_2020_HAB,GDP,IT,2018,96,,
ESTAT:TEC00114(1.0),09/07/26 23:00:00,A,VI_PPS_EU27_2020_HAB,GDP,IT,2019,96,,
ESTAT:TEC00114(1.0),09/07/26 23:00:00,A,VI_PPS_EU27_2020_HAB,GDP,IT,2020,93,,
ESTAT:TEC00114(1.0),09/07/26 23:00:00,A,VI_PPS_EU27_2020_HAB,GDP,IT,2021,96,,
ESTAT:TEC00114(1.0),09/07/26 23:00:00,A,VI_PPS_EU27_2020_HAB,GDP,IT,2022,98,,
ESTAT:TEC00114(1.0),09/07/26 23:00:00,A,VI_PPS_EU27_2020_HAB,GDP,IT,2023,98,,
ESTAT:TEC00114(1.0),09/07/26 23:00:00,A,VI_PPS_EU27_2020_HAB,GDP,IT,2024,98,,
ESTAT:TEC00114(1.0),09/07/26 23:00:00,A,VI_PPS_EU27_2020_HAB,GDP,IT,2025,96,,
ESTAT:TEC00114(1.0),09/07/26 23:00:00,A,VI_PPS_EU27_2020_HAB,GDP,JP,2014,108,,
ESTAT:TEC00114(1.0),09/07/26 23:00:00,A,VI_PPS_EU27_2020_HAB,GDP,JP,2015,108,,
ESTAT:TEC00114(1.0),09/07/26 23:00:00,A,VI_PPS_EU27_2020_HAB,GDP,JP,2016,101,,
ESTAT:TEC00114(1.0),09/07/26 23:00:00,A,VI_PPS_EU27_2020_HAB,GDP,JP,2017,98,,
ESTAT:TEC00114(1.0),09/07/26 23:00:00,A,VI_PPS_EU27_2020_HAB,GDP,JP,2018,95,,
ESTAT:TEC00114(1.0),09/07/26 23:00:00,A,VI_PPS_EU27_2020_HAB,GDP,JP,2019,90,,
ESTAT:TEC00114(1.0),09/07/26 23:00:00,A,VI_PPS_EU27_2020_HAB,GDP,JP,2020,91,,
ESTAT:TEC00114(1.0),09/07/26 23:00:00,A,VI_PPS_EU27_2020_HAB,GDP,JP,2021,88,,
ESTAT:TEC00114(1.0),09/07/26 23:00:00,A,VI_PPS_EU27_2020_HAB,GDP,JP,2022,84,,
ESTAT:TEC00114(1.0),09/07/26 23:00:00,A,VI_PPS_EU27_2020_HAB,GDP,JP,2023,86,,
ESTAT:TEC00114(1.0),09/07/26 23:00:00,A,VI_PPS_EU27_2020_HAB,GDP,JP,2024,85,,
ESTAT:TEC00114(1.0),09/07/26 23:00:00,A,VI_PPS_EU27_2020_HAB,GDP,JP,2025,85,,
ESTAT:TEC00114(1.0),09/07/26 23:00:00,A,VI_PPS_EU27_2020_HAB,GDP,LT,2014,75,,
ESTAT:TEC00114(1.0),09/07/26 23:00:00,A,VI_PPS_EU27_2020_HAB,GDP,LT,2015,75,,
ESTAT:TEC00114(1.0),09/07/26 23:00:00,A,VI_PPS_EU27_2020_HAB,GDP,LT,2016,75,,
ESTAT:TEC00114(1.0),09/07/26 23:00:00,A,VI_PPS_EU27_2020_HAB,GDP,LT,2017,78,,
ESTAT:TEC00114(1.0),09/07/26 23:00:00,A,VI_PPS_EU27_2020_HAB,GDP,LT,2018,81,,
ESTAT:TEC00114(1.0),09/07/26 23:00:00,A,VI_PPS_EU27_2020_HAB,GDP,LT,2019,83,,
ESTAT:TEC00114(1.0),09/07/26 23:00:00,A,VI_PPS_EU27_2020_HAB,GDP,LT,2020,86,,
ESTAT:TEC00114(1.0),09/07/26 23:00:00,A,VI_PPS_EU27_2020_HAB,GDP,LT,2021,88,,
ESTAT:TEC00114(1.0),09/07/26 23:00:00,A,VI_PPS_EU27_2020_HAB,GDP,LT,2022,87,,
ESTAT:TEC00114(1.0),09/07/26 23:00:00,A,VI_PPS_EU27_2020_HAB,GDP,LT,2023,86,,
ESTAT:TEC00114(1.0),09/07/26 23:00:00,A,VI_PPS_EU27_2020_HAB,GDP,LT,2024,87,,
ESTAT:TEC00114(1.0),09/07/26 23:00:00,A,VI_PPS_EU27_2020_HAB,GDP,LT,2025,87,,
ESTAT:TEC00114(1.0),09/07/26 23:00:00,A,VI_PPS_EU27_2020_HAB,GDP,LU,2014,280,,
ESTAT:TEC00114(1.0),09/07/26 23:00:00,A,VI_PPS_EU27_2020_HAB,GDP,LU,2015,279,,
ESTAT:TEC00114(1.0),09/07/26 23:00:00,A,VI_PPS_EU27_2020_HAB,GDP,LU,2016,275,,
ESTAT:TEC00114(1.0),09/07/26 23:00:00,A,VI_PPS_EU27_2020_HAB,GDP,LU,2017,266,,
ESTAT:TEC00114(1.0),09/07/26 23:00:00,A,VI_PPS_EU27_2020_HAB,GDP,LU,2018,258,,
ESTAT:TEC00114(1.0),09/07/26 23:00:00,A,VI_PPS_EU27_2020_HAB,GDP,LU,2019,248,,
ESTAT:TEC00114(1.0),09/07/26 23:00:00,A,VI_PPS_EU27_2020_HAB,GDP,LU,2020,255,,
ESTAT:TEC00114(1.0),09/07/26 23:00:00,A,VI_PPS_EU27_2020_HAB,GDP,LU,2021,262,,
ESTAT:TEC00114(1.0),09/07/26 23:00:00,A,VI_PPS_EU27_2020_HAB,GDP,LU,2022,250,,
ESTAT:TEC00114(1.0),09/07/26 23:00:00,A,VI_PPS_EU27_2020_HAB,GDP,LU,2023,248,,
ESTAT:TEC00114(1.0),09/07/26 23:00:00,A,VI_PPS_EU27_2020_HAB,GDP,LU,2024,244,,
ESTAT:TEC00114(1.0),09/07/26 23:00:00,A,VI_PPS_EU27_2020_HAB,GDP,LU,2025,239,p,
ESTAT:TEC00114(1.0),09/07/26 23:00:00,A,VI_PPS_EU27_2020_HAB,GDP,LV,2014,61,,
ESTAT:TEC00114(1.0),09/07/26 23:00:00,A,VI_PPS_EU27_2020_HAB,GDP,LV,2015,62,,
ESTAT:TEC00114(1.0),09/07/26 23:00:00,A,VI_PPS_EU27_2020_HAB,GDP,LV,2016,63,,
ESTAT:TEC00114(1.0),09/07/26 23:00:00,A,VI_PPS_EU27_2020_HAB,GDP,LV,2017,64,,
ESTAT:TEC00114(1.0),09/07/26 23:00:00,A,VI_PPS_EU27_2020_HAB,GDP,LV,2018,66,,
ESTAT:TEC00114(1.0),09/07/26 23:00:00,A,VI_PPS_EU27_2020_HAB,GDP,LV,2019,66,,
ESTAT:TEC00114(1.0),09/07/26 23:00:00,A,VI_PPS_EU27_2020_HAB,GDP,LV,2020,69,,
ESTAT:TEC00114(1.0),09/07/26 23:00:00,A,VI_PPS_EU27_2020_HAB,GDP,LV,2021,71,,
ESTAT:TEC00114(1.0),09/07/26 23:00:00,A,VI_PPS_EU27_2020_HAB,GDP,LV,2022,69,,
ESTAT:TEC00114(1.0),09/07/26 23:00:00,A,VI_PPS_EU27_2020_HAB,GDP,LV,2023,70,,
ESTAT:TEC00114(1.0),09/07/26 23:00:00,A,VI_PPS_EU27_2020_HAB,GDP,LV,2024,69,,
ESTAT:TEC00114(1.0),09/07/26 23:00:00,A,VI_PPS_EU27_2020_HAB,GDP,LV,2025,71,,
ESTAT:TEC00114(1.0),09/07/26 23:00:00,A,VI_PPS_EU27_2020_HAB,GDP,ME,2014,41,,
ESTAT:TEC00114(1.0),09/07/26 23:00:00,A,VI_PPS_EU27_2020_HAB,GDP,ME,2015,42,,
ESTAT:TEC00114(1.0),09/07/26 23:00:00,A,VI_PPS_EU27_2020_HAB,GDP,ME,2016,44,,
ESTAT:TEC00114(1.0),09/07/26 23:00:00,A,VI_PPS_EU27_2020_HAB,GDP,ME,2017,45,,
ESTAT:TEC00114(1.0),09/07/26 23:00:00,A,VI_PPS_EU27_2020_HAB,GDP,ME,2018,47,,
ESTAT:TEC00114(1.0),09/07/26 23:00:00,A,VI_PPS_EU27_2020_HAB,GDP,ME,2019,49,,
ESTAT:TEC00114(1.0),09/07/26 23:00:00,A,VI_PPS_EU27_2020_HAB,GDP,ME,2020,43,,
ESTAT:TEC00114(1.0),09/07/26 23:00:00,A,VI_PPS_EU27_2020_HAB,GDP,ME,2021,45,,
ESTAT:TEC00114(1.0),09/07/26 23:00:00,A,VI_PPS_EU27_2020_HAB,GDP,ME,2022,48,,
ESTAT:TEC00114(1.0),09/07/26 23:00:00,A,VI_PPS_EU27_2020_HAB,GDP,ME,2023,52,,
ESTAT:TEC00114(1.0),09/07/26 23:00:00,A,VI_PPS_EU27_2020_HAB,GDP,ME,2024,53,,
ESTAT:TEC00114(1.0),09/07/26 23:00:00,A,VI_PPS_EU27_2020_HAB,GDP,ME,2025,54,,
ESTAT:TEC00114(1.0),09/07/26 23:00:00,A,VI_PPS_EU27_2020_HAB,GDP,MK,2014,39,,
ESTAT:TEC00114(1.0),09/07/26 23:00:00,A,VI_PPS_EU27_2020_HAB,GDP,MK,2015,39,,
ESTAT:TEC00114(1.0),09/07/26 23:00:00,A,VI_PPS_EU27_2020_HAB,GDP,MK,2016,40,,
ESTAT:TEC00114(1.0),09/07/26 23:00:00,A,VI_PPS_EU27_2020_HAB,GDP,MK,2017,40,,
ESTAT:TEC00114(1.0),09/07/26 23:00:00,A,VI_PPS_EU27_2020_HAB,GDP,MK,2018,41,,
ESTAT:TEC00114(1.0),09/07/26 23:00:00,A,VI_PPS_EU27_2020_HAB,GDP,MK,2019,41,,
ESTAT:TEC00114(1.0),09/07/26 23:00:00,A,VI_PPS_EU27_2020_HAB,GDP,MK,2020,42,,
ESTAT:TEC00114(1.0),09/07/26 23:00:00,A,VI_PPS_EU27_2020_HAB,GDP,MK,2021,42,,
ESTAT:TEC00114(1.0),09/07/26 23:00:00,A,VI_PPS_EU27_2020_HAB,GDP,MK,2022,41,,
ESTAT:TEC00114(1.0),09/07/26 23:00:00,A,VI_PPS_EU27_2020_HAB,GDP,MK,2023,41,,
ESTAT:TEC00114(1.0),09/07/26 23:00:00,A,VI_PPS_EU27_2020_HAB,GDP,MK,2024,42,,
ESTAT:TEC00114(1.0),09/07/26 23:00:00,A,VI_PPS_EU27_2020_HAB,GDP,MK,2025,43,,
ESTAT:TEC00114(1.0),09/07/26 23:00:00,A,VI_PPS_EU27_2020_HAB,GDP,MT,2014,94,,
ESTAT:TEC00114(1.0),09/07/26 23:00:00,A,VI_PPS_EU27_2020_HAB,GDP,MT,2015,99,,
ESTAT:TEC00114(1.0),09/07/26 23:00:00,A,VI_PPS_EU27_2020_HAB,GDP,MT,2016,100,,
ESTAT:TEC00114(1.0),09/07/26 23:00:00,A,VI_PPS_EU27_2020_HAB,GDP,MT,2017,106,,
ESTAT:TEC00114(1.0),09/07/26 23:00:00,A,VI_PPS_EU27_2020_HAB,GDP,MT,2018,107,,
ESTAT:TEC00114(1.0),09/07/26 23:00:00,A,VI_PPS_EU27_2020_HAB,GDP,MT,2019,105,,
ESTAT:TEC00114(1.0),09/07/26 23:00:00,A,VI_PPS_EU27_2020_HAB,GDP,MT,2020,105,,
ESTAT:TEC00114(1.0),09/07/26 23:00:00,A,VI_PPS_EU27_2020_HAB,GDP,MT,2021,109,,
ESTAT:TEC00114(1.0),09/07/26 23:00:00,A,VI_PPS_EU27_2020_HAB,GDP,MT,2022,103,,
ESTAT:TEC00114(1.0),09/07/26 23:00:00,A,VI_PPS_EU27_2020_HAB,GDP,MT,2023,109,,
ESTAT:TEC00114(1.0),09/07/26 23:00:00,A,VI_PPS_EU27_2020_HAB,GDP,MT,2024,110,,
ESTAT:TEC00114(1.0),09/07/26 23:00:00,A,VI_PPS_EU27_2020_HAB,GDP,MT,2025,110,,
ESTAT:TEC00114(1.0),09/07/26 23:00:00,A,VI_PPS_EU27_2020_HAB,GDP,NL,2014,133,,
ESTAT:TEC00114(1.0),09/07/26 23:00:00,A,VI_PPS_EU27_2020_HAB,GDP,NL,2015,132,,
ESTAT:TEC00114(1.0),09/07/26 23:00:00,A,VI_PPS_EU27_2020_HAB,GDP,NL,2016,130,,
ESTAT:TEC00114(1.0),09/07/26 23:00:00,A,VI_PPS_EU27_2020_HAB,GDP,NL,2017,130,,
ESTAT:TEC00114(1.0),09/07/26 23:00:00,A,VI_PPS_EU27_2020_HAB,GDP,NL,2018,130,,
ESTAT:TEC00114(1.0),09/07/26 23:00:00,A,VI_PPS_EU27_2020_HAB,GDP,NL,2019,128,,
ESTAT:TEC00114(1.0),09/07/26 23:00:00,A,VI_PPS_EU27_2020_HAB,GDP,NL,2020,131,,
ESTAT:TEC00114(1.0),09/07/26 23:00:00,A,VI_PPS_EU27_2020_HAB,GDP,NL,2021,132,,
ESTAT:TEC00114(1.0),09/07/26 23:00:00,A,VI_PPS_EU27_2020_HAB,GDP,NL,2022,134,,
ESTAT:TEC00114(1.0),09/07/26 23:00:00,A,VI_PPS_EU27_2020_HAB,GDP,NL,2023,131,,
ESTAT:TEC00114(1.0),09/07/26 23:00:00,A,VI_PPS_EU27_2020_HAB,GDP,NL,2024,134,,
ESTAT:TEC00114(1.0),09/07/26 23:00:00,A,VI_PPS_EU27_2020_HAB,GDP,NL,2025,133,,
ESTAT:TEC00114(1.0),09/07/26 23:00:00,A,VI_PPS_EU27_2020_HAB,GDP,NO,2014,182,,
ESTAT:TEC00114(1.0),09/07/26 23:00:00,A,VI_PPS_EU27_2020_HAB,GDP,NO,2015,162,,
ESTAT:TEC00114(1.0),09/07/26 23:00:00,A,VI_PPS_EU27_2020_HAB,GDP,NO,2016,149,,
ESTAT:TEC00114(1.0),09/07/26 23:00:00,A,VI_PPS_EU27_2020_HAB,GDP,NO,2017,155,,
ESTAT:TEC00114(1.0),09/07/26 23:00:00,A,VI_PPS_EU27_2020_HAB,GDP,NO,2018,161,,
ESTAT:TEC00114(1.0),09/07/26 23:00:00,A,VI_PPS_EU27_2020_HAB,GDP,NO,2019,151,,
ESTAT:TEC00114(1.0),09/07/26 23:00:00,A,VI_PPS_EU27_2020_HAB,GDP,NO,2020,146,,
ESTAT:TEC00114(1.0),09/07/26 23:00:00,A,VI_PPS_EU27_2020_HAB,GDP,NO,2021,177,,
ESTAT:TEC00114(1.0),09/07/26 23:00:00,A,VI_PPS_EU27_2020_HAB,GDP,NO,2022,222,,
ESTAT:TEC00114(1.0),09/07/26 23:00:00,A,VI_PPS_EU27_2020_HAB,GDP,NO,2023,175,,
ESTAT:TEC00114(1.0),09/07/26 23:00:00,A,VI_PPS_EU27_2020_HAB,GDP,NO,2024,166,,
ESTAT:TEC00114(1.0),09/07/26 23:00:00,A,VI_PPS_EU27_2020_HAB,GDP,NO,2025,159,,
ESTAT:TEC00114(1.0),09/07/26 23:00:00,A,VI_PPS_EU27_2020_HAB,GDP,PL,2014,68,,
ESTAT:TEC00114(1.0),09/07/26 23:00:00,A,VI_PPS_EU27_2020_HAB,GDP,PL,2015,70,,
ESTAT:TEC00114(1.0),09/07/26 23:00:00,A,VI_PPS_EU27_2020_HAB,GDP,PL,2016,69,,
ESTAT:TEC00114(1.0),09/07/26 23:00:00,A,VI_PPS_EU27_2020_HAB,GDP,PL,2017,70,,
ESTAT:TEC00114(1.0),09/07/26 23:00:00,A,VI_PPS_EU27_2020_HAB,GDP,PL,2018,72,,
ESTAT:TEC00114(1.0),09/07/26 23:00:00,A,VI_PPS_EU27_2020_HAB,GDP,PL,2019,74,,
ESTAT:TEC00114(1.0),09/07/26 23:00:00,A,VI_PPS_EU27_2020_HAB,GDP,PL,2020,78,,
ESTAT:TEC00114(1.0),09/07/26 23:00:00,A,VI_PPS_EU27_2020_HAB,GDP,PL,2021,79,,
ESTAT:TEC00114(1.0),09/07/26 23:00:00,A,VI_PPS_EU27_2020_HAB,GDP,PL,2022,78,,
ESTAT:TEC00114(1.0),09/07/26 23:00:00,A,VI_PPS_EU27_2020_HAB,GDP,PL,2023,77,,
ESTAT:TEC00114(1.0),09/07/26 23:00:00,A,VI_PPS_EU27_2020_HAB,GDP,PL,2024,79,,
ESTAT:TEC00114(1.0),09/07/26 23:00:00,A,VI_PPS_EU27_2020_HAB,GDP,PL,2025,81,,
ESTAT:TEC00114(1.0),09/07/26 23:00:00,A,VI_PPS_EU27_2020_HAB,GDP,PT,2014,77,,
ESTAT:TEC00114(1.0),09/07/26 23:00:00,A,VI_PPS_EU27_2020_HAB,GDP,PT,2015,76,,
ESTAT:TEC00114(1.0),09/07/26 23:00:00,A,VI_PPS_EU27_2020_HAB,GDP,PT,2016,77,,
ESTAT:TEC00114(1.0),09/07/26 23:00:00,A,VI_PPS_EU27_2020_HAB,GDP,PT,2017,76,,
ESTAT:TEC00114(1.0),09/07/26 23:00:00,A,VI_PPS_EU27_2020_HAB,GDP,PT,2018,77,,
ESTAT:TEC00114(1.0),09/07/26 23:00:00,A,VI_PPS_EU27_2020_HAB,GDP,PT,2019,77,,
ESTAT:TEC00114(1.0),09/07/26 23:00:00,A,VI_PPS_EU27_2020_HAB,GDP,PT,2020,75,,
ESTAT:TEC00114(1.0),09/07/26 23:00:00,A,VI_PPS_EU27_2020_HAB,GDP,PT,2021,74,,
ESTAT:TEC00114(1.0),09/07/26 23:00:00,A,VI_PPS_EU27_2020_HAB,GDP,PT,2022,77,,
ESTAT:TEC00114(1.0),09/07/26 23:00:00,A,VI_PPS_EU27_2020_HAB,GDP,PT,2023,81,,
ESTAT:TEC00114(1.0),09/07/26 23:00:00,A,VI_PPS_EU27_2020_HAB,GDP,PT,2024,82,,
ESTAT:TEC00114(1.0),09/07/26 23:00:00,A,VI_PPS_EU27_2020_HAB,GDP,PT,2025,81,p,
ESTAT:TEC00114(1.0),09/07/26 23:00:00,A,VI_PPS_EU27_2020_HAB,GDP,RO,2014,55,,
ESTAT:TEC00114(1.0),09/07/26 23:00:00,A,VI_PPS_EU27_2020_HAB,GDP,RO,2015,56,,
ESTAT:TEC00114(1.0),09/07/26 23:00:00,A,VI_PPS_EU27_2020_HAB,GDP,RO,2016,58,,
ESTAT:TEC00114(1.0),09/07/26 23:00:00,A,VI_PPS_EU27_2020_HAB,GDP,RO,2017,62,,
ESTAT:TEC00114(1.0),09/07/26 23:00:00,A,VI_PPS_EU27_2020_HAB,GDP,RO,2018,65,,
ESTAT:TEC00114(1.0),09/07/26 23:00:00,A,VI_PPS_EU27_2020_HAB,GDP,RO,2019,69,,
ESTAT:TEC00114(1.0),09/07/26 23:00:00,A,VI_PPS_EU27_2020_HAB,GDP,RO,2020,71,,
ESTAT:TEC00114(1.0),09/07/26 23:00:00,A,VI_PPS_EU27_2020_HAB,GDP,RO,2021,72,,
ESTAT:TEC00114(1.0),09/07/26 23:00:00,A,VI_PPS_EU27_2020_HAB,GDP,RO,2022,72,,
ESTAT:TEC00114(1.0),09/07/26 23:00:00,A,VI_PPS_EU27_2020_HAB,GDP,RO,2023,75,,
ESTAT:TEC00114(1.0),09/07/26 23:00:00,A,VI_PPS_EU27_2020_HAB,GDP,RO,2024,77,,
ESTAT:TEC00114(1.0),09/07/26 23:00:00,A,VI_PPS_EU27_2020_HAB,GDP,RO,2025,78,p,
ESTAT:TEC00114(1.0),09/07/26 23:00:00,A,VI_PPS_EU27_2020_HAB,GDP,RS,2014,41,,
ESTAT:TEC00114(1.0),09/07/26 23:00:00,A,VI_PPS_EU27_2020_HAB,GDP,RS,2015,40,,
ESTAT:TEC00114(1.0),09/07/26 23:00:00,A,VI_PPS_EU27_2020_HAB,GDP,RS,2016,40,,
ESTAT:TEC00114(1.0),09/07/26 23:00:00,A,VI_PPS_EU27_2020_HAB,GDP,RS,2017,40,,
ESTAT:TEC00114(1.0),09/07/26 23:00:00,A,VI_PPS_EU27_2020_HAB,GDP,RS,2018,41,,
ESTAT:TEC00114(1.0),09/07/26 23:00:00,A,VI_PPS_EU27_2020_HAB,GDP,RS,2019,42,,
ESTAT:TEC00114(1.0),09/07/26 23:00:00,A,VI_PPS_EU27_2020_HAB,GDP,RS,2020,44,,
ESTAT:TEC00114(1.0),09/07/26 23:00:00,A,VI_PPS_EU27_2020_HAB,GDP,RS,2021,45,,
ESTAT:TEC00114(1.0),09/07/26 23:00:00,A,VI_PPS_EU27_2020_HAB,GDP,RS,2022,45,,
ESTAT:TEC00114(1.0),09/07/26 23:00:00,A,VI_PPS_EU27_2020_HAB,GDP,RS,2023,48,p,
ESTAT:TEC00114(1.0),09/07/26 23:00:00,A,VI_PPS_EU27_2020_HAB,GDP,RS,2024,52,,
ESTAT:TEC00114(1.0),09/07/26 23:00:00,A,VI_PPS_EU27_2020_HAB,GDP,RS,2025,52,,
ESTAT:TEC00114(1.0),09/07/26 23:00:00,A,VI_PPS_EU27_2020_HAB,GDP,SE,2014,125,,
ESTAT:TEC00114(1.0),09/07/26 23:00:00,A,VI_PPS_EU27_2020_HAB,GDP,SE,2015,126,,
ESTAT:TEC00114(1.0),09/07/26 23:00:00,A,VI_PPS_EU27_2020_HAB,GDP,SE,2016,122,,
ESTAT:TEC00114(1.0),09/07/26 23:00:00,A,VI_PPS_EU27_2020_HAB,GDP,SE,2017,119,,
ESTAT:TEC00114(1.0),09/07/26 23:00:00,A,VI_PPS_EU27_2020_HAB,GDP,SE,2018,117,,
ESTAT:TEC00114(1.0),09/07/26 23:00:00,A,VI_PPS_EU27_2020_HAB,GDP,SE,2019,117,,
ESTAT:TEC00114(1.0),09/07/26 23:00:00,A,VI_PPS_EU27_2020_HAB,GDP,SE,2020,120,,
ESTAT:TEC00114(1.0),09/07/26 23:00:00,A,VI_PPS_EU27_2020_HAB,GDP,SE,2021,119,,
ESTAT:TEC00114(1.0),09/07/26 23:00:00,A,VI_PPS_EU27_2020_HAB,GDP,SE,2022,113,,
ESTAT:TEC00114(1.0),09/07/26 23:00:00,A,VI_PPS_EU27_2020_HAB,GDP,SE,2023,111,,
ESTAT:TEC00114(1.0),09/07/26 23:00:00,A,VI_PPS_EU27_2020_HAB,GDP,SE,2024,112,,
ESTAT:TEC00114(1.0),09/07/26 23:00:00,A,VI_PPS_EU27_2020_HAB,GDP,SE,2025,111,,
ESTAT:TEC00114(1.0),09/07/26 23:00:00,A,VI_PPS_EU27_2020_HAB,GDP,SI,2014,82,,
ESTAT:TEC00114(1.0),09/07/26 23:00:00,A,VI_PPS_EU27_2020_HAB,GDP,SI,2015,81,,
ESTAT:TEC00114(1.0),09/07/26 23:00:00,A,VI_PPS_EU27_2020_HAB,GDP,SI,2016,82,,
ESTAT:TEC00114(1.0),09/07/26 23:00:00,A,VI_PPS_EU27_2020_HAB,GDP,SI,2017,84,,
ESTAT:TEC00114(1.0),09/07/26 23:00:00,A,VI_PPS_EU27_2020_HAB,GDP,SI,2018,86,,
ESTAT:TEC00114(1.0),09/07/26 23:00:00,A,VI_PPS_EU27_2020_HAB,GDP,SI,2019,87,,
ESTAT:TEC00114(1.0),09/07/26 23:00:00,A,VI_PPS_EU27_2020_HAB,GDP,SI,2020,87,,
ESTAT:TEC00114(1.0),09/07/26 23:00:00,A,VI_PPS_EU27_2020_HAB,GDP,SI,2021,88,,
ESTAT:TEC00114(1.0),09/07/26 23:00:00,A,VI_PPS_EU27_2020_HAB,GDP,SI,2022,90,,
ESTAT:TEC00114(1.0),09/07/26 23:00:00,A,VI_PPS_EU27_2020_HAB,GDP,SI,2023,91,,
ESTAT:TEC00114(1.0),09/07/26 23:00:00,A,VI_PPS_EU27_2020_HAB,GDP,SI,2024,90,,
ESTAT:TEC00114(1.0),09/07/26 23:00:00,A,VI_PPS_EU27_2020_HAB,GDP,SI,2025,90,,
ESTAT:TEC00114(1.0),09/07/26 23:00:00,A,VI_PPS_EU27_2020_HAB,GDP,SK,2014,78,,
ESTAT:TEC00114(1.0),09/07/26 23:00:00,A,VI_PPS_EU27_2020_HAB,GDP,SK,2015,78,,
ESTAT:TEC00114(1.0),09/07/26 23:00:00,A,VI_PPS_EU27_2020_HAB,GDP,SK,2016,73,,
ESTAT:TEC00114(1.0),09/07/26 23:00:00,A,VI_PPS_EU27_2020_HAB,GDP,SK,2017,70,,
ESTAT:TEC00114(1.0),09/07/26 23:00:00,A,VI_PPS_EU27_2020_HAB,GDP,SK,2018,70,,
ESTAT:TEC00114(1.0),09/07/26 23:00:00,A,VI_PPS_EU27_2020_HAB,GDP,SK,2019,70,,
ESTAT:TEC00114(1.0),09/07/26 23:00:00,A,VI_PPS_EU27_2020_HAB,GDP,SK,2020,74,,
ESTAT:TEC00114(1.0),09/07/26 23:00:00,A,VI_PPS_EU27_2020_HAB,GDP,SK,2021,74,,
ESTAT:TEC00114(1.0),09/07/26 23:00:00,A,VI_PPS_EU27_2020_HAB,GDP,SK,2022,71,,
ESTAT:TEC00114(1.0),09/07/26 23:00:00,A,VI_PPS_EU27_2020_HAB,GDP,SK,2023,74,,
ESTAT:TEC00114(1.0),09/07/26 23:00:00,A,VI_PPS_EU27_2020_HAB,GDP,SK,2024,75,,
ESTAT:TEC00114(1.0),09/07/26 23:00:00,A,VI_PPS_EU27_2020_HAB,GDP,SK,2025,75,,
ESTAT:TEC00114(1.0),09/07/26 23:00:00,A,VI_PPS_EU27_2020_HAB,GDP,TR,2014,64,,
ESTAT:TEC00114(1.0),09/07/26 23:00:00,A,VI_PPS_EU27_2020_HAB,GDP,TR,2015,65,,
ESTAT:TEC00114(1.0),09/07/26 23:00:00,A,VI_PPS_EU27_2020_HAB,GDP,TR,2016,63,,
ESTAT:TEC00114(1.0),09/07/26 23:00:00,A,VI_PPS_EU27_2020_HAB,GDP,TR,2017,63,,
ESTAT:TEC00114(1.0),09/07/26 23:00:00,A,VI_PPS_EU27_2020_HAB,GDP,TR,2018,61,,
ESTAT:TEC00114(1.0),09/07/26 23:00:00,A,VI_PPS_EU27_2020_HAB,GDP,TR,2019,57,,
ESTAT:TEC00114(1.0),09/07/26 23:00:00,A,VI_PPS_EU27_2020_HAB,GDP,TR,2020,59,,
ESTAT:TEC00114(1.0),09/07/26 23:00:00,A,VI_PPS_EU27_2020_HAB,GDP,TR,2021,59,,
ESTAT:TEC00114(1.0),09/07/26 23:00:00,A,VI_PPS_EU27_2020_HAB,GDP,TR,2022,65,,
ESTAT:TEC00114(1.0),09/07/26 23:00:00,A,VI_PPS_EU27_2020_HAB,GDP,TR,2023,67,,
ESTAT:TEC00114(1.0),09/07/26 23:00:00,A,VI_PPS_EU27_2020_HAB,GDP,TR,2024,69,,
ESTAT:TEC00114(1.0),09/07/26 23:00:00,A,VI_PPS_EU27_2020_HAB,GDP,TR,2025,67,,
ESTAT:TEC00114(1.0),09/07/26 23:00:00,A,VI_PPS_EU27_2020_HAB,GDP,UK,2014,111,,
ESTAT:TEC00114(1.0),09/07/26 23:00:00,A,VI_PPS_EU27_2020_HAB,GDP,UK,2015,111,,
ESTAT:TEC00114(1.0),09/07/26 23:00:00,A,VI_PPS_EU27_2020_HAB,GDP,UK,2016,108,,
ESTAT:TEC00114(1.0),09/07/26 23:00:00,A,VI_PPS_EU27_2020_HAB,GDP,UK,2017,108,,
ESTAT:TEC00114(1.0),09/07/26 23:00:00,A,VI_PPS_EU27_2020_HAB,GDP,UK,2018,105,,
ESTAT:TEC00114(1.0),09/07/26 23:00:00,A,VI_PPS_EU27_2020_HAB,GDP,UK,2019,104,,
ESTAT:TEC00114(1.0),09/07/26 23:00:00,A,VI_PPS_EU27_2020_HAB,GDP,UK,2020,102,,
ESTAT:TEC00114(1.0),09/07/26 23:00:00,A,VI_PPS_EU27_2020_HAB,GDP,UK,2021,99,,
ESTAT:TEC00114(1.0),09/07/26 23:00:00,A,VI_PPS_EU27_2020_HAB,GDP,UK,2022,103,,
ESTAT:TEC00114(1.0),09/07/26 23:00:00,A,VI_PPS_EU27_2020_HAB,GDP,UK,2023,99,,
ESTAT:TEC00114(1.0),09/07/26 23:00:00,A,VI_PPS_EU27_2020_HAB,GDP,UK,2024,99,,
ESTAT:TEC00114(1.0),09/07/26 23:00:00,A,VI_PPS_EU27_2020_HAB,GDP,UK,2025,99,,
ESTAT:TEC00114(1.0),09/07/26 23:00:00,A,VI_PPS_EU27_2020_HAB,GDP,US,2014,147,,
ESTAT:TEC00114(1.0),09/07/26 23:00:00,A,VI_PPS_EU27_2020_HAB,GDP,US,2015,147,,
ESTAT:TEC00114(1.0),09/07/26 23:00:00,A,VI_PPS_EU27_2020_HAB,GDP,US,2016,141,,
ESTAT:TEC00114(1.0),09/07/26 23:00:00,A,VI_PPS_EU27_2020_HAB,GDP,US,2017,139,,
ESTAT:TEC00114(1.0),09/07/26 23:00:00,A,VI_PPS_EU27_2020_HAB,GDP,US,2018,139,,
ESTAT:TEC00114(1.0),09/07/26 23:00:00,A,VI_PPS_EU27_2020_HAB,GDP,US,2019,134,,
ESTAT:TEC00114(1.0),09/07/26 23:00:00,A,VI_PPS_EU27_2020_HAB,GDP,US,2020,135,,
ESTAT:TEC00114(1.0),09/07/26 23:00:00,A,VI_PPS_EU27_2020_HAB,GDP,US,2021,137,,
ESTAT:TEC00114(1.0),09/07/26 23:00:00,A,VI_PPS_EU27_2020_HAB,GDP,US,2022,133,,
ESTAT:TEC00114(1.0),09/07/26 23:00:00,A,VI_PPS_EU27_2020_HAB,GDP,US,2023,134,,
ESTAT:TEC00114(1.0),09/07/26 23:00:00,A,VI_PPS_EU27_2020_HAB,GDP,US,2024,135,,
ESTAT:TEC00114(1.0),09/07/26 23:00:00,A,VI_PPS_EU27_2020_HAB,GDP,US,2025,138,,
